序号,uid,昵称,类型
num,uid,nick,score
1,9977543,唇唇YD交友厅,2
2,99752430,爱戴家族,2
3,98551297,ʚ 筱兮风 ´◡` ✨,2
4,98549331,果子专职场控,2
5,98241511,O^轩T^T『』,2
6,97177210,讲给风听。,2
7,97104195,夜幽,2
8,9621468,Nous.青椒,2
9,9619542,TAXX.蜜罐男友,2
10,95783281,海鲜市场🐳🦞🦀,2
11,95744326,CAPf.青龙，三鹰,2
12,95520262,不烦,2
13,9509005,Clown,2
14,9505766,今声相约,2
15,95035688,深夜女友！！收收收！！！,2
16,949895,𝒮ℯ7ℯ𝓃ོ🖤,2
17,94907940,星诉☞玉树临风☜,2
18,94638518,【星诉月倾】五姐娱乐,2
19,93873093,专属女神,2
20,93823279,LL,2
21,93445505,浅瞳,2
22,93153487,缺丶🥬,2
23,92843543,🍭.NaiNai,2
24,9232256,S.e.x.y 杜杜1厅,2
25,91420858,果子.,2
26,91308296,耳语情人whisper,2
27,91069701,《星诉》Ti.甜御CLUB,2
28,90756295,再无此人👋,2
29,89879204,后花园,2
30,89255494,494,2
31,89222131,汤团🍡,2
32,88893662,༺小蒸饺༻,2
33,88558468,ོོོོ⚘艾琳ོ⚘ོ,2
34,88312202,鹤公子~,2
35,88237789,钻石 年華,2
36,8819040,盛世红颜,2
37,8815141,夹心❤,2
38,881,派对语音-夏奇拉,2
39,8792933,我是牛牛,2
40,87925449,Yt12.mc小鱼在前方为你导航,2
41,87630776,【星诉】C位女神,2
42,87585893,💭Wendy💖 ‮✩‭,2
43,87471304,跟你不熟🖤,2
44,87198170,遇ღ醉傾城️ღ不扰➠拒撩,2
45,87160968,繁华里 新厅开业,2
46,87101577,新欢🌺,2
47,87032071,鳳,2
48,8692433,🐳懒羊羊🐾,2
49,86561308,@小羽@,2
50,86317301,DS.2交友,2
1,85903830,✨龙飞✨,2
2,8580191,新开男厅 招人,2
3,8516644,神秘花园🎉🎉小野,2
4,8490869,Loli,2
5,84827008,ꦿ红颜🐠🐠🐠ཽ࿆,2
6,84635521,🎈年度宝儿🍋小幸运吖🍀,2
7,8366293,清晨 ❀,2
8,8353021,Mj.布一宁,2
9,81594988,小章鱼s,2
10,81475248,上官云龙,2
11,81465385,巴卫,2
12,80714259,🐆莫言歌/雅🦋,2
13,80581362,.,2
14,80404981,𝒬.落書/待君归,2
15,7793732,大叔℡,2
16,7782335,"　",2
17,7714281,🌙,2
18,754525623,私人订制,2
19,754505816,星座恋人～西几爸爸❤萘亚,2
20,754503608,Time.守一/歌,2
21,754503595,Time.奈大/不接活,2
22,754503581,Time.新人,2
23,754503567,Time.想见,2
24,754503549,Time.川川,2
25,754503543,领会,2
26,754503527,Time.A/歌,2
27,754503505,更倦,2
28,754503488,惠甫,2
29,754503029,刘娜,2
30,754502917,峰峦,2
31,754502898,红梅,2
32,754502884,自演,2
33,754502872,童童,2
34,754502860,呈亚,2
35,754502849,季刊,2
36,754502835,文采,2
37,754502825,爱因,2
38,754502822,潍坊,2
39,754502815,唧唧,2
40,754502806,小萱,2
41,754502793,叶琴,2
42,754502784,会闲,2
43,754502745,金红,2
44,754502722,会亭,2
45,754502715,艺静,2
46,754502576,李敏,2
47,754502561,月琴,2
48,754502556,小杜,2
49,754502539,赵松,2
50,754502529,刘欣,2
1,754502524,亚红,2
2,754502519,雅琴,2
3,754502514,忆伤,2
4,754502503,书欣,2
5,754502493,亚欣,2
6,754496575,丽哲,2
7,754496551,银倾,2
8,754496519,叔云,2
9,754496504,白绢,2
10,754496463,机遇,2
11,754496437,蓉珍,2
12,754496399,娇娇,2
13,754496195,溜溜留,2
14,754496095,青青,2
15,754495809,红叶,2
16,754495583,隐隐,2
17,754495547,星星,2
18,754495338,天瑜,2
19,754495256,于洪,2
20,754495206,海峡,2
21,754495066,丽娟,2
22,754494821,〔RUA〕调香少女,2
23,754494812,秀秀,2
24,754494600,星河,2
25,754492599,张伟,2
26,754492591,百无禁忌,2
27,754492547,阿姨,2
28,754492526,小仙女,2
29,754492525,风妙,2
30,754492429,子宇,2
31,754492411,改如,2
32,754492393,开开,2
33,754492368,杨兰,2
34,754492351,海花,2
35,754492300,兴娜,2
36,754492271,红欠,2
37,754492261,欢喜,2
38,754492245,丽娜,2
39,754492234,江丽,2
40,754492204,啊云,2
41,754492188,红素,2
42,754492179,英敏,2
43,754492144,红心,2
44,754492128,亚男,2
45,754492114,马丁,2
46,754492082,聪聪,2
47,754492073,天天,2
48,754492060,丹丹,2
49,754492046,糊糊,2
50,754492024,微微,2
1,754492007,婷婷,2
2,754491991,马可,2
3,754491971,马天,2
4,754491962,默默,2
5,754488959,如鱼得水,2
6,754486507,乔乔,2
7,754486436,小罗,2
8,754486363,十罪,2
9,754486319,夜都娱乐交友厅,2
10,754486038,【星诉】拾佳恋人,2
11,754485956,秀兰,2
12,754485913,泽园,2
13,754485608,花季女孩,2
14,754485493,点点,2
15,754485453,啊严,2
16,754485395,末路,2
17,754485359,随风,2
18,754485309,敏敏,2
19,754485232,老板,2
20,754485221,万渔来潮,2
21,754485196,可以,2
22,754485163,念夏,2
23,754485117,魅力,2
24,754485083,一世繁华,2
25,754485046,你好,2
26,754484985,兰蔻,2
27,754474684,新时代-至上娱乐,2
28,754470656,【音咖】偷心少女/.高聘 招挂靠,2
29,754469045,〔RUA〕酒醉伊人☁️,2
30,754461082,《暮色》水晶之恋,2
31,754458774,Lx.陈辞,2
32,754456815,迷心男友/新厅开业,2
33,754456400,思遇女神/招小可爱,2
34,754446972,爱琴海 战神修养厅,2
35,754445918,AG.娇声惯养,2
36,754441350,维秘🌈娱乐,2
37,754437880,【星诉】禁欲男友,2
38,754433253,【星诉】魅声倾心-新厅开业,2
39,754432380,猫系女友-招人,2
40,754432169,欣欣恋人-新厅开业,2
41,754416939,Best Man男明星,2
42,754416604,清溪阁,2
43,754415943,初恋👒交友厅,2
44,754415590,北辰交友厅,2
45,754412969,【世界】专属心跳,2
46,754412748,爱耐不住,2
47,754411524,质感交友厅,2
48,754404896,墨染🌈轩华🤫（瑞弟）,2
49,754403414,Old Friend Girlf,2
50,754400458,【世界】人间酒馆 新厅开业/聘,2
1,754398774,爱你一生,2
2,754398619,智慧树,2
3,754397624,专属男友－新厅开业,2
4,754397094,Z。,2
5,754390500,渣男备忘录,2
6,754388304,Max互娱,2
7,754387713,【世界】觅爱追欢,2
8,754386134,大海鱼塘,2
9,754381372,招人/招仙女,2
10,754379562,【星诉】AI女友/聘诉,2
11,754373527,找朋友，到Bbr恋人,2
12,754369182,玉兰路,2
13,754367027,【星诉月倾】817 男音天花板,2
14,754366875,酒欲男神,2
15,754365811,Cs-田鸡少女-优质新厅,2
16,754355879,✨月下花船,2
17,754355463,【星诉】私域女神/聘诉,2
18,754346487,最强.☆小  玖.,2
19,754338694,时光恋人,2
20,754337604,小甜心,2
21,754337257,『世界』男明星集聚地,2
22,754334696,乖乖,2
23,754333781,╭(╯ε╰)╮,2
24,754331395,雅琴阁女神/诚聘女神,2
25,754329168,天气,2
26,754327430,Inke754327430,2
27,754327284,诗茵女友,2
28,754320411,☆小柒.,2
29,754319944,新时代娱乐,2
30,754318078,Xg.菠萝,2
31,754316899,惗旧-新厅招人,2
32,754316098,囍欢,2
33,754315444,Q.橘子,2
34,754315399,星诉：念念不忘,2
35,754313382,北巷女友,2
36,754308672,绝代风华👗交友厅,2
37,754306418,后宫男团,2
38,754306274,声诱男神,2
39,754305292,雅痞公馆,2
40,754296172,jz-甜蜜女神,2
41,754294636,。,2
42,754294129,雅居阁女神/诚聘女神,2
43,754280828,【星诉】溏心男友,2
44,754278469,月宁❤️,2
45,754278374,【星诉】幼稚园,2
46,754278268,伊泽,2
47,754278010,悸动男神-招战神，挂靠,2
48,754276328,氧气女友-招战神,2
49,754270495,夜梦佳人,2
50,754269099,太阳,2
1,754269052,爱丽丝✨,2
2,754269009,乐🔅乐,2
3,754268944,崽🌈崽,2
4,754268900,芸芸,2
5,754268822,蓉蓉,2
6,754268581,嘉嘉,2
7,754268534,脆脆,2
8,754268477,耐克,2
9,754268449,向往,2
10,754268402,尼克,2
11,754268340,菠菜,2
12,754268289,可可,2
13,754268218,啤酒,2
14,754268168,蕾蕾,2
15,754268122,迷你,2
16,754268086,栀子花,2
17,754268047,秘密,2
18,754268020,源夫人,2
19,754267966,好好.,2
20,754267932,橘子,2
21,754267895,粽子,2
22,754267872,果粒橙,2
23,754267813,蜜桃,2
24,754267782,栗子,2
25,754267749,项链,2
26,754267723,可乐,2
27,754267681,哈密瓜,2
28,754267639,黄瓜,2
29,754267593,柿子,2
30,754267507,女明星,2
31,754267498,西瓜,2
32,754267490,征战,2
33,754264091,九遇男神.,2
34,754264049,日(聘+),2
35,754263312,〔RUA〕巧酥娇人,2
36,754258989,大鱼海塘,2
37,754258780,泠然,2
38,754257339,我爱绝非一般沁雪蓝馨,2
39,754257335,姐的罪爱是自己,2
40,754257323,纠葛,2
41,754257313,喵娘,2
42,754257297,8,2
43,754257292,咖啡不加糖,2
44,754257286,憧憬未来,2
45,754257284,多矫天,2
46,754257281,低声哼唱,2
47,754257277,7,2
48,754257265,小萌男,2
49,754257261,圣诞没有袜子的小孩,2
50,754257258,梦梦梦不完,2
1,754257254,小小孩配有爱,2
2,754257243,6,2
3,754257239,浅夏微凉,2
4,754257237,余温未了,2
5,754257235,突然之间,2
6,754257226,5,2
7,754257221,尐跟气虫,2
8,754257218,心已空梦已冷荒岛晴空,2
9,754257213,不相欠,2
10,754257204,何谈过去,2
11,754257190,4,2
12,754257181,时间藏不住笨人,2
13,754257176,放手也是幸福,2
14,754257171,自我主宰,2
15,754257168,一切随意,2
16,754257160,3,2
17,754257054,伱只素各不知名的四季豆,2
18,754257051,擡头触摸那抹阳光,2
19,754257042,竹言墨语,2
20,754257032,2,2
21,754256975,呆萌小怪兽,2
22,754256973,香槟味、,2
23,754256972,呆萌没商量,2
24,754256968,撩人微风,2
25,754256952,打鱼打鱼打鱼,2
26,754256032,💌.戏剧/害死人💕任务0.4,2
27,754250224,🍊🍊,2
28,754249345,流浪1,2
29,754248745,Climbing时代wb,2
30,754247244,𝓢𝓨.千度,2
31,754244902,〔RUA〕走心女友❤️,2
32,754244500,不止心动,2
33,754239024,唯美恋人,2
34,754238249,永恒的飞翔,2
35,754238155,红灯笼,2
36,754237776,拉姆,2
37,754237654,温情女神,2
38,754237070,叶恋佳人 新厅开业,2
39,754236484,【世界】酥糖少女,2
40,754236167,一鹿有你🦌,2
41,754235837,.,2
42,754234872,倾城时光/聘,2
43,754234845,回忆男神/招歌手,2
44,754234276,〔XS〕樱花女团🌸二厅,2
45,754229365,【世界】We Are 男友,2
46,754228839,仙女部落,2
47,754228759,色诱女神,2
48,754227563,森岛女友,2
49,754219210,初夏女友/高聘小仙女,2
50,754218403,龍五爷,2
1,754212858,Sy.岩瑟,2
2,754210537,🍭,2
3,754206710,k5.蓝汐,2
4,754206505,💃,2
5,754206469,。,2
6,754205765,绝代风华👗交友厅,2
7,754202275,瑞斯男友,2
8,754200166,小星星,2
9,754200138,平安,2
10,754196783,雾里,2
11,754196066,【晚佳】夜色女友-聘,2
12,754196020,🐠,2
13,754195975,🐠你同行,2
14,754195958,小闲鱼,2
15,754195789,【晚佳】妩媚女友 新厅开业,2
16,754195753,Lose男友•才艺天花板,2
17,754195698,微醺酒馆,2
18,754195597,DJ男友♡520试音,2
19,754195402,Secret Love·秘密的爱,2
20,754195373,秋北先生,2
21,754195347,18男友/聘诉,2
22,754194711,往后余生,2
23,754191090,Bluse 速配男友,2
24,754190831,二狗男友-新厅开业,2
25,754190310,呵呵,2
26,754188972,低迷男友（高聘）,2
27,754188573,做任务,2
28,754188442,尤雾,2
29,754187954,晚风轻轻吹,2
30,754187766,回忆男神/招歌手,2
31,754187745,小孩,2
32,754187505,倾城恋人/招歌手,2
33,754187384,迟暮男友.,2
34,754186710,夏姐,2
35,754186637,售空爱意🌸新厅招人中,2
36,754186500,『心动聚集地』,2
37,754186492,公主&王子,2
38,754186468,唯一,2
39,754186264,心焮,2
40,754186070,音色❤佳人,2
41,754185141,麦子,2
42,754177607,404温青天花板,2
43,754176397,[星诉月倾]M78星云,2
44,754176228,祖师爷ꦿ๓᭄,2
45,754170961,Fire-怦然声动,2
46,754168182,K7男神,2
47,754168164,只如初见,2
48,754167855,乄冭嘽纯,2
49,754167254,【女神】,2
50,754166548,Ly.泡泡,2
1,754166290,MI.飛爺,2
2,754165718,比基尼👙,2
3,754165570,Max娱乐交友,2
4,754161665,Tt.音欲男神,2
5,754156793,一只草鞋,2
6,754151462,限定女友,2
7,754151300,听雨楼,2
8,754151003,完美邂逅,2
9,754150684,11111,2
10,754150622,秘密的爱,2
11,754149479,仙女 （聘诉）,2
12,754148532,倾颜女友聘战神,2
13,754147900,浩然,2
14,754146845,小碧崽汁,2
15,754145426,MGC GT,2
16,754144577,聚梦—Seven男神,2
17,754144281,聚梦—Muse女神,2
18,754144274,【聚梦】−TiMi,2
19,754141123,一休交友厅,2
20,754140082,浮生若梦/招战神招挂靠,2
21,754139365,梦幽阁/聘,2
22,754136642,佩奇歪！,2
23,754136045,轻奢女神,2
24,754135550,Rp.子期,2
25,754134322,聚梦-林间鹤,2
26,754132988,【星诉】忘笙男友,2
27,754132581,…………………………,2
28,754132443,甜心女仆,2
29,754131408,翎羽阁,2
30,754131216,JL锦鲤交友厅🌼,2
31,754131196,甘酒嗜音/招歌手-新厅开业,2
32,754130554,Max.枕边女友/聘,2
33,754129187,.,2
34,754125929,Dr. 一眼沦陷,2
35,754125902,温山软水,2
36,754123724,😕,2
37,754123304,Number  One女神馆,2
38,754120070,Mds.壹鸢/弹唱（正常营业）,2
39,754114957,【瑜泰】温情邂逅,2
40,754112246,星诉-男明星聚集地,2
41,754108068,初见男友,2
42,754107781,云,2
43,754099828,浪子酒馆,2
44,754098418,鹤千万,2
45,754097895,如约而至,2
46,754091942,歌坛餐厅,2
47,754091900,月光女神,2
48,754087807,【星诉】奶我一口,2
49,754082993,Bz.奈桉An.,2
50,754081215,Ko.男神,2
1,754078367,傻心,2
2,754073776,哈维,2
3,754070452,郎才女貌,2
4,754070391,清酒恋人（高聘）,2
5,754069923,【瑜泰】正牌女友,2
6,754069260,【瑜泰】欲见男友。,2
7,754066112,神颜Dk.🐋管+投诉,2
8,754065932,🍼奶糖糖是你永远得不到的女人～,2
9,754064571,【世界】雅致名媛,2
10,754060109,梦境贩卖馆,2
11,754058862,【星诉】星座恋人/9999试音,2
12,754056555,听水楼-招战神，挂靠,2
13,754056546,【瑜泰】未完待续,2
14,754055810,【瑜泰】听觉酒吧,2
15,754055727,A,2
16,754055543,𝒬𝓁🍼 筱筱哭了,2
17,754054233,【瑜泰】幽兰清梦/招人,2
18,754053363,倾城之恋/招战神,2
19,754046195,爱笑女友,2
20,754044238,爱笑男友,2
21,754042828,【HY】Cherry Girl,2
22,754042283,ॱଳ͘.谷粒粒🌙撒娇/甜,2
23,754042036,🍼.睡不醒,2
24,754041066,热情男友/应聘dd,2
25,754039669,網（別抱）,2
26,754039458,【星梦】Me. 招人,2
27,754032639,AYU.翱宇龙舞,2
28,754032217,小清（表拉我，我会恶龙咆哮）,2
29,754029794,非凡男友,2
30,754025318,甜甜爱恋,2
31,754024618,阿泽🌈头本,2
32,754023789,缘•来是你,2
33,754022723,【新鹭】声诱恋人,2
34,754021147,我不是刷客,2
35,754016114,【聘】一夜男友,2
36,754014531,〖星诉〗半糖女友 高聘日算招挂,2
37,754014196,富豪俱乐部💰,2
38,753994012,梦伴男友,2
39,753986707,香闺蜜友😘聘/诉,2
40,753985494,【世界】A4女友,2
41,753984982,【世界】Pink B&G,2
42,753981699,尚瘾,2
43,753981450,倾音阁/招男女模,2
44,753974862,𝑿𝒓.新云/歌 文 游戏,2
45,753973882,『星诉』听闻有你,2
46,753973051,【臻御男神】I'm back,2
47,753969787,轻喃,2
48,753967678,星辰之恋,2
49,753963623,【凯飞】21克拉,2
50,753962473,桃气泡泡,2
1,753958972,零,2
2,753954878,嗯,2
3,753952998,城南旧事,2
4,753952667,拉模聚集地-新厅开业,2
5,753952655,Rose女神,2
6,753951872,【凯飞】刷拉名媛,2
7,753951439,A【星梦】一吻定情,2
8,753949353,奇迹男神,2
9,753946875,晋婉女神,2
10,753941554,欧维.聘/🐟,2
11,753939291,语挚情音,2
12,753938813,星诉大上海,2
13,753938264,月亮不睡你不睡,2
14,753933810,桃酥女友,2
15,753931375,维秘🌈男神九厅,2
16,753930252,এ心动,2
17,753928480,【星诉】情人坊,2
18,753922256,好大爸,2
19,753919640,Mds.羁绊/奶酥,2
20,753919350,𝓖𝓓.罗,2
21,753919319,，，,2
22,753919311,星星,2
23,753918537,Gm.北海仙庭,2
24,753917290,腊月,2
25,753912692,1,2
26,753912679,！！！,2
27,753912599,倩倩,2
28,753912467,随意搭配,2
29,753912206,来吧宝贝,2
30,753911618,【星诉】情人坊,2
31,753910328,久伴爱人/招挂靠,2
32,753910115,【凯飞】刷拉名媛 新厅开业💗,2
33,753909860,黎歌儿,2
34,753909374,子言,2
35,753908943,起点男女神/新厅招人,2
36,753908832,小葛优。com,2
37,753906674,随便,2
38,753906421,小米粒,2
39,753906112,A【星梦】 人间尤物,2
40,753905810,𝓢𝓨.洛汐🌸,2
41,753905332,🌴最强.小姨子🌴,2
42,753901164,天天,2
43,753900617,最强.樱冉,2
44,753899146,湿湿,2
45,753898714,𝓢𝔂.声色诱人,2
46,753898673,JISOO,2
47,753894213,阿阳,2
48,753894062,世外桃源☄️聘,2
49,753891610,Rp.Qyou/rap/歌,2
50,753891015,【星诉】旺仔女友,2
1,753886726,【世界】微笑女神,2
2,753885737,老柒,2
3,753884834,许你三生,2
4,753877019,花满楼/新厅招募,2
5,753873825,梦境🐳娱乐,2
6,753869673,可乐,2
7,753866273,招挂靠🐟鱼仙阁,2
8,753866110,Qc.一一,2
9,753865254,慕色男友高聘日洁,2
10,753865160,锁心海岸✨私密男友,2
11,753864800,超级凶,2
12,753861637,安安,2
13,753861528,sm.失眠酒馆,2
14,753859924,日落,2
15,753859540,戴斯女友,2
16,753858197,星诉·人间酒馆/虎虎99,2
17,753849736,鱼儿乖乖,2
18,753848477,斯文败类,2
19,753845994,【星诉】SIR男神,2
20,753844828,琳玥-有我想你,2
21,753834072,【星诉】倾城恋人 高聘日发结算,2
22,753828664,疯狂瓜瓜,2
23,753827046,JN.安暖余笙,2
24,753814201,星辰交友厅,2
25,753814192,有智交友厅,2
26,753813746,Yt1.晚吟,2
27,753802323,倾城热恋,2
28,753801166,周知,2
29,753800985,何以🍧,2
30,753800260,7s女友/招优质小可爱,2
31,753795167,【新鹭】怦然心动,2
32,753788796,【世界】极光男友🌊而山海不过尔,2
33,753788772,斌崽,2
34,753788770,【世界】梦境少女♟想当你手里的宝,2
35,753788751,可能是心灵吧,2
36,753788744,【世界】西雅图🥇映客最后的长情,2
37,753788713,【世界】国度男神🥇想和你速恋,2
38,753788703,【世界】轩尼诗🥇你的宝藏男友,2
39,753788673,【世界】缅甸北部🥇欢迎你小公主,2
40,753788631,【世界】云端梦境♟我的世界你最懂,2
41,753788609,【世界】甜心尤物🍧甜味限时供应,2
42,753788596,【世界】燃情夏日庆典个人赛,2
43,753788554,【世界】现任男友♟你的现任男友.,2
44,753788530,【世界】前任男友♟每天很想你,2
45,753780961,Rs.波比,2
46,753779671,SY.散,2
47,753776074,维秘🌈女神四厅,2
48,753775959,维秘男神四厅,2
49,753769757,ML.Miumiu,2
50,753769508,天降头牌,2
1,753755109,招財男神 收战神,2
2,753749728,那年,2
3,753748511,弹指之间,2
4,753740840,硬糖女友,2
5,753740169,肆野男神/新厅开业招人,2
6,753725237,【星诉】Trap.偏爱,2
7,753722752,(OG)宅男女神,2
8,753722043,臭宝,2
9,753718871,Giant root男友,2
10,753717823,非诚勿扰,2
11,753715719,【星诉】极欲男神,2
12,753708847,热搜男女,2
13,753703858,麽麽交友,2
14,753701955,为你心动💗,2
15,753700770,☁️·非洲女王,2
16,753684932,【星梦】绿我男友（枯枯冠名）,2
17,753683096,Poison.星空/许愿幸运瓶,2
18,753681412,清音小阁,2
19,753680004,小怪兽,2
20,753678014,名模集训地,2
21,753665571,万幸相识-招人,2
22,753658287,维秘🌈男神四厅,2
23,753637408,Mds.小轩,2
24,753635108,日落🌔（33起扣）,2
25,753618894,维秘🌈女神一厅1分厅,2
26,753618072,嚯~呼~,2
27,753605518,诸神娱乐,2
28,753605398,Gtm_音欲,2
29,753600128,【星诉】匿名情话,2
30,753598891,无名小号3⃣,2
31,753597416,代代,2
32,753583637,【星梦】Call me宝贝,2
33,753582890,『星诉』浅吻女神,2
34,753578540,🎗️避风港/聘,2
35,753578083,秋先生,2
36,753575255,花成蜜就招主持,2
37,753565676,🍙,2
38,753564097,威士忌,2
39,753562766,【星诉】恋夏男友,2
40,753561054,人小丶檬也不大,2
41,753560457,心愈男友,2
42,753556177,乔姆斯基,2
43,753556080,鸢,2
44,753540812,团子永远的神,2
45,753539587,简约少女-招人,2
46,753535669,阿哲交友厅,2
47,753522128,【星梦】Pop男神,2
48,753520862,维秘🌈 苏辞,2
49,753519720,无忧贩卖店,2
50,753518399,So. 星空男神,2
1,753503370,纵欢女友/招歌手,2
2,753501012,花开满堂,2
3,753500310,【星诉】忘忧酒馆,2
4,753499211,💍,2
5,753499120,【K9男神】68招战神,2
6,753493424,卡卡,2
7,753485668,秫秫,2
8,753484806,鑫萌不甜了,2
9,753484260,翎雪阁,2
10,753483996,魅声Party,2
11,753483768,久绊男友,2
12,753483714,ʚ风铃女友ɞ🎐,2
13,753483685,亲密耳语,2
14,753478100,TAXX.幽水雅阁,2
15,753477501,等月亮说晚安🐠,2
16,753477252,轩轩,2
17,753476934,〔HY〕如芷佳人 🎐,2
18,753476473,【世界】心动女嘉宾,2
19,753464062,暮色非晚.,2
20,753461572,林予,2
21,753459076,天天,2
22,753442765,【千鲤】诱欲少女,2
23,753438221,🐾小可爱🐾,2
24,753427515,梓渃🌈,2
25,753427434,不敢说话,2
26,753421228,森森,2
27,753414936,樱桃女神,2
28,753411013,One.可乐呀/有大病,2
29,753409055,例外女友/新厅开业,2
30,753405939,初见女友,2
31,753403021,李豆豆,2
32,753393557,A.kill,2
33,753391375,【星梦】绿我女友~,2
34,753390991,相爱之約,2
35,753390432,宝贝集中营招 挂 收,2
36,753389232,清雅轩新厅【招战神】,2
37,753387782,梦伴女友,2
38,753387466,维秘🌈 男神八厅,2
39,753386527,星河入梦,2
40,753370728,月色撩人,2
41,753356024,520,2
42,753352452,无,2
43,753351538,『相遇时空』 新厅招人✨,2
44,753350741,星诉—风华绝代,2
45,753349271,已换厅，搜索清酒居,2
46,753348903,【世界】缪斯沦陷,2
47,753338946,極限男友/新厅,2
48,753336157,浮生阁,2
49,753329563,AYU.翱宇神迹,2
50,753321897,📀,2
1,753321864,芝士点,2
2,753321156,慕恋交友,2
3,753317449,暗,2
4,753316782,御姐聚集地！,2
5,753316448,魔王酒馆😈高聘,2
6,753316119,暂别,2
7,753315581,新奇少女,2
8,753313864,海王灯塔🔱高聘,2
9,753303282,🙆🏼‍♀️,2
10,753302643,【千幕】提拉米苏-聘,2
11,753302425,等·遇见你,2
12,753301981,蓝天白云,2
13,753301211,新厅清茶女友,2
14,753299704,【世界】野性男友,2
15,753299103,【星诉】以往为霖,2
16,753298731,酒馆🏮开业大吉,2
17,753297842,Bn.择霖,2
18,753297291,是你的宝贝～,2
19,753289178,🍊派对,2
20,753288840,懿朗👣👁🙆👂,2
21,753288315,网络男神,2
22,753286496,妖言,2
23,753284707,美丽的女人,2
24,753282750,。,2
25,753282435,醉美佳人,2
26,753282160,被🐟吃了,2
27,753281989,猫系女友,2
28,753281760,贰麻酒馆、招挂加公告,2
29,753273935,落晨,2
30,753273804,辰煦,2
31,753270093,甜橙时代,2
32,753269785,月光男友,2
33,753269539,私人酒馆,2
34,753268870,。,2
35,753255105,嘻嘻,2
36,753254063,相遇女友/聘,2
37,753252113,【星诉】肯德基,2
38,753251399,我是女生,2
39,753242148,❧夏风,2
40,753240791,【新鹭传媒】星慕男神新厅,2
41,753238231,。,2
42,753237996,〔HY〕调香少女 🎐,2
43,753237151,TAXX.狩猎禁区,2
44,753227724,刘赛虎,2
45,753227313,唇唇欲动,2
46,753225835,哎呦喂,2
47,753225674,【北野】极欲四厅🍇,2
48,753225410,星云换号,2
49,753225223,【星诉】Dr男友,2
50,753225182,红人馆 招/挂,2
1,753225172,星诉：恰好心动，不止心动,2
2,753224752,软呤尤物转移新厅,2
3,753224721,哈,2
4,753224707,业务七厅,2
5,753224674,💫专属男友💫,2
6,753224553,hah,2
7,753224363,风吟浅唱,2
8,753224291,【北野】极欲三厅💋,2
9,753224186,BoM-全网高聘战神,2
10,753224181,baby,2
11,753224138,彼岸男友,2
12,753224125,【北野】蜜罐女友,2
13,753224116,"北野,樱花🌸阁",2
14,753224107,电竞少女/招战神,2
15,753224094,Kiss男友,2
16,753224064,ED-男友7月10厅战大吉,2
17,753224057,璀璨男友/招战神,2
18,753224036,长安男神,2
19,753224026,【北野】丝丝心动💓,2
20,753224015,星诉2厅,2
21,753224013,夜魅女神,2
22,753223981,1生所爱,2
23,753223957,该账号此前被盗用，请小心,2
24,753223954,小超人,2
25,753223835,💫专属女友💫,2
26,753223815,星诉1厅,2
27,753223758,寒烟娱乐🍧招陪陪,2
28,753223732,超哥,2
29,753223683,「暴躁」女神,2
30,753223650,【暮夕女神】,2
31,753223622,【星诉】鱼生佑你,2
32,753223493,等你来,2
33,753223469,青音迷情/聘才艺男神,2
34,753223468,慢倩,2
35,753223345,太阳男神,2
36,753223271,你艳姐,2
37,753223261,甜蜜约会,2
38,753222765,cz,2
39,753222695,起点长期招战神,2
40,753222626,九一五五,2
41,753222586,领域男友-收战神 歌手,2
42,753222460,【北野】禁欲二厅💋,2
43,753222317,业务二厅,2
44,753222293,业务七厅,2
45,753222172,未央,2
46,753222131,你奈我何？,2
47,753222059,开回家,2
48,753222031,呵呵,2
49,753221998,号回家睡觉觉得及,2
50,753221993,我的雏菊香草味,2
1,753221969,肉肉谷歌22,2
2,753221957,白百合55,2
3,753221942,CC,2
4,753221893,儒间,2
5,753221876,aaa,2
6,753221875,夜青,2
7,753221808,得得得,2
8,753221800,布局图,2
9,753221799,有,2
10,753221797,十里,2
11,753221770,看剧moment,2
12,753221769,。,2
13,753221764,auquab,2
14,753221725,星诉偶遇男神,2
15,753221700,理想女友 新厅开业,2
16,753221671,来时雾慢,2
17,753221636,x,2
18,753221613,苏我过几天再,2
19,753221528,今夜不十三,2
20,753221507,好好,2
21,753221506,的,2
22,753221502,军军,2
23,753221496,啊啊,2
24,753221492,朱友健,2
25,753221489,澜季男友❤新厅开业.全麦优质,2
26,753221440,六六鸭,2
27,753221439,。。,2
28,753221438,分,2
29,753221425,蔷薇,2
30,753221415,formosa,2
31,753221404,业务三厅,2
32,753221383,儒间,2
33,753221380,L,2
34,753221359,mmmm,2
35,753221313,光辉男神/新厅开业,2
36,753221295,饭,2
37,753221241,LAIYUHAN,2
38,753221230,刘锦,2
39,753221226,仙女阿姨,2
40,753221192,൮ღ野蛮女友,2
41,753221170,小燕唯一的守护神,2
42,753221163,宠物店,2
43,753221159,靓仔,2
44,753221083,陌冥,2
45,753221074,hh,2
46,753221072,那一砖的风情,2
47,753221066,宁愿把你宠坏,2
48,753221053,.,2
49,753221044,就到家6161,2
50,753221043,橙子,2
1,753221039,希莫斯,2
2,753221031,小幸运377,2
3,753221010,哦SOD就,2
4,753220983,575886,2
5,753220970,156266,2
6,753220963,guako,2
7,753220959,菇娘傻傻哒,2
8,753220954,gg,2
9,753220938,哈哈哈,2
10,753220936,罗云城,2
11,753220929,还好-_-||,2
12,753220908,冬阳,2
13,753220842,，，，,2
14,753220764,业务一厅,2
15,753219390,TAXX.摆渡人,2
16,753219207,TAXX.浮生若梦,2
17,753218779,TAXX.暧昧女友,2
18,753208281,新厅开业💫国色天香,2
19,753206248,馨蕊楼,2
20,753200604,彼岸女友,2
21,753187502,换房看动态,2
22,753186913,最强•爱野美奈子🍑,2
23,753184087,猪小屁『有事写信📝』,2
24,753182801,Yt12.春秋,2
25,753182677,业务五厅,2
26,753174203,千姿仙女阁,2
27,753172011," Ql⚜️甜橘",2
28,753170925,浪浪,2
29,753169426,...,2
30,753169018,Rp.顾柒,2
31,753168676,慕色-人间尤物混厅,2
32,753168661,凉橙,2
33,753167985,Soul mates/招战神,2
34,753157304,🐯,2
35,753156159,繁花与你新厅开业招主持,2
36,753153997,Lx.与澄,2
37,753152276,【世界传媒】浮生如梦,2
38,753137729,冷兮,2
39,753136934,【星诉】觅爱追欢,2
40,753136279,久宠不腻交友厅,2
41,753135151,景慧,2
42,753134863,北,2
43,753133078,【星诉】白茶女神,2
44,753129946,淋瑞「落樱缤纷」,2
45,753124677,宇少【晴宝宝】,2
46,753123819,麋鹿,2
47,753120724,崽崽~,2
48,753119498,天傲⚜️,2
49,753108738,Q.乖乖,2
50,753107241,林深见鹿男友/聘私信,2
1,753103363,🥇,2
2,753094807,F.南寻,2
3,753090657,一览芳华,2
4,753071027,南鱼,2
5,753055824,〔星梦〕初柔恋人—初遇的温柔,2
6,753050590,【Max】怦然心动,2
7,753046493,星诉-青柠声社,2
8,753038686,金龙,2
9,753003624,心动娱乐,2
10,753002502,lalay,2
11,752991695,🙃,2
12,752989932,曲由.,2
13,752987396,【世界】原味少女,2
14,752986305,蜜桃交友厅,2
15,752982835,森屿海湾,2
16,752974807,安稳,2
17,752972806,Nc.南城以南/聘诉,2
18,752967327,黑哥,2
19,752965986,玖栖女神,2
20,752965908,音诱男神,2
21,752964305,零点娱乐,2
22,752963732,🌸🌸.嘤嘤嘤花之约,2
23,752948853,阎衍.,2
24,752941237,TAXX.Z-One男友,2
25,752936908,初恋女友,2
26,752930310,小蜜桃,2
27,752929177,黑芝麻哈,2
28,752925270,软呤尤物,2
29,752911548,TAXX.MIU,2
30,752908819,单车恋人,2
31,752908314,业务6厅,2
32,752904742,[星诉]一笑倾城,2
33,752901961,迪士尼男友,2
34,752899482,风轻,2
35,752898613,AG.蜜柚宝贝,2
36,752897843,Sy. 拾音雾岛/聘,2
37,752895245,TAXX. 暖心男友,2
38,752887103,受,2
39,752876803,【星诉】瑞池男友,2
40,752876790,TAXX.博雅女友.,2
41,752875198,TAXX.好酒不见,2
42,752874313,【世界】禁欲二厅,2
43,752871431,淋瑞「人间烟火」,2
44,752870336,.,2
45,752866586,TAXX.忘忧茶肆,2
46,752864126,【星诉】慕色佳人/聘/日洁🍒,2
47,752861777,TAXX.奇幻女友,2
48,752859290,初恋男友✨新厅招冠,2
49,752856563,TAXX.迟遇女友,2
50,752856334,TAXX.八号公馆,2
1,752854041,粥,2
2,752851686,乔憨憨🐷,2
3,752843374,【世界】NICE女神,2
4,752839875,【星诉】秘境女友,2
5,752827370,梦巴黎,2
6,752809181,蜜境女神「二厅」,2
7,752808147,治御别看了！我关了！,2
8,752799434,Xl.希文,2
9,752795198,初遇女友,2
10,752794027,Mds.鹤北,2
11,752793179,长乐,2
12,752782738,星诉【芊姬阁】,2
13,752778573,印象,2
14,752777423,荷尔蒙男友,2
15,752776417,【华创】热点女团,2
16,752776382,桃銫佳人交友厅,2
17,752776348,【北野】极欲二厅🍒,2
18,752776155,挽风,2
19,752770738,樱桃少女/挂靠+聘,2
20,752770461,【世界】软糖少女,2
21,752769803,✨,2
22,752768087,Gr.笙,2
23,752767979,🐽,2
24,752767255,🥤.娇啊/拽,2
25,752766764,Sep男友·招歌手,2
26,752765580,👀,2
27,752760509,星诉.月夜情人🌙,2
28,752758855,AG.伶人,2
29,752753637,【慕色】初心少女,2
30,752745166,野似,2
31,752741891,🦄Onlyᴿ💫,2
32,752735438,维秘🌈女神九厅,2
33,752723599,皮叔,2
34,752720860,佛道两系靥靥🍧,2
35,752714447,解约勿抱,2
36,752713156,Ys.美奈子,2
37,752708121,繁花与你（新厅）,2
38,752704646,🏎车车,2
39,752702279,𝓙𝓜.糖糖,2
40,752688186,蜜柚,2
41,752683025,菜❄️,2
42,752681088,九月⚡️乐辞🏠。,2
43,752677084,羡羡羡羡羡羡,2
44,752667297,时倾,2
45,752659838,陪伴,2
46,752653890,𝓙𝓜.小腐/聘诉,2
47,752652413,维秘🌈点唱,2
48,752648918,星诉•桃花劫,2
49,752646196,1,2
50,752646181,TAXX.波多女神,2
1,752646061,TAXX.甜蜜暴击,2
2,752642931,TAXX.Dragon总裁,2
3,752636309,潇湘阁✨-招仙女,2
4,752632517,兔兔这么可爱怎么可以吃兔兔,2
5,752629208,TAXX.名牌女友,2
6,752627428,安心,2
7,752622753,YM.暮秋,2
8,752619026,声色恋人,2
9,752615154,会有花吗,2
10,752609661,TAXX.未满十八,2
11,752609474,TAXX.海尔higher男友,2
12,752609266,TAXX.诱兒园,2
13,752608895,TAXX.邂逅酒馆,2
14,752607581,TAXX.绿萝公馆,2
15,752605532,TAXX. 甜味超标,2
16,752605020,TAXX.芭蕾世家,2
17,752604588,AG.云梦Club.,2
18,752602223,Poison.正南/Rap聘聘聘,2
19,752589989,TAXX.1/2,2
20,752585231,🍑小富贵儿,2
21,752578284,TAXX.夏日限定女友,2
22,752577853,c✨,2
23,752577461,〔星梦〕映客少女的梦—贪欲男神,2
24,752577310,日光倾城(聘),2
25,752576965,AG.渐冷/累,2
26,752565495,大白/退,2
27,752558414,木子,2
28,752557125,「暴躁」男神,2
29,752555302,【星诉】完美佳人/聘,2
30,752551689,TAXX.日抛男友,2
31,752550872,【星诉】R emix/招人,2
32,752548069,𝒩𝒮.姬腿宝,2
33,752547604,Ay.零下一度,2
34,752544875,🐠,2
35,752539634,式理,2
36,752538989,花钱,2
37,752530591,小龙虾🦞,2
38,752530405,鲸落鱼海🐠🐠,2
39,752530164,缘定三生招主持/招挂靠,2
40,752529588,【千鲤】霓虹旅店/招,2
41,752529337,百味浪漫,2
42,752526814,国王派对👑高聘,2
43,752517660,X.小爱,2
44,752517514,🧵,2
45,752516938,久伴一生,2
46,752508942,【楽余】爱慕餐厅/新厅开业,2
47,752506621,AG.叶荨/歌/rap/s,2
48,752505066,枫～,2
49,752502337,TAXX.慢热女友,2
50,752497783,™ 渣音🐟交友厅,2
1,752497291,胡广笙,2
2,752492112,🍑白㬓/全不能,2
3,752485593,唐莫—私人领域,2
4,752478280,【世界】蜜桃尤物,2
5,752478165,【星诉】私蜜女神,2
6,752477827,没人了解的美,2
7,752477045,𝑿𝒓.亿天/麦手.全,2
8,752477026,你的男孩Dragon_D,2
9,752466097,👀,2
10,752461265,换新厅ID娱乐圈,2
11,752460190,𝒬𝓁☀池鱼,2
12,752458911,把我挤下去吧！🤔,2
13,752454795,Czz',2
14,752454288,醉温柔—聘诉,2
15,752441774,『星诉』星眸犬系男友,2
16,752434937,【新鹭】御黛女神,2
17,752432547,🌸佩琪,2
18,752432009,【世界】AMG女神,2
19,752426883,【星诉月倾】狼系男友,2
20,752422842,半面,2
21,752419903,爱🦁 🦁,2
22,752413886,【星诉】AKA 男明星💫收挂靠,2
23,752401635,777,2
24,752401103,辞梦,2
25,752397663,哦,2
26,752373512,TAXX.堇色安年,2
27,752373483,TAXX. 秋日黄昏馆,2
28,752359463,kasa男团,2
29,752352979,星诉•桃花悸,2
30,752338211,裸控,2
31,752337577,⚤绝色禁区⚤聘,2
32,752333216,TAXX.晚月男友,2
33,752333016,二虎,2
34,752331438,梦上倾城,2
35,752327425,【星诉】深度男友,2
36,752315933,任心荒芜,2
37,752314425,【星梦】Kiss女友,2
38,752312936,J.晴朗,2
39,752311977,TAXX.温酒佳人,2
40,752310969,🐰.kiss,2
41,752309714,恬妞ɞ,2
42,752309618,傲雪ɞ   ,2
43,752286670,【曦月阁】/聘,2
44,752271683,MASS娱乐,2
45,752259640,𝒥𝒾𝓁.cc,2
46,752258280,甜.,2
47,752254500,甜馨男友高聘日算,2
48,752246783,TAXX.遇见男友,2
49,752246782,TAXX.闲言花语,2
50,752227919,陌离.🍧樱.至死不渝,2
1,752219383,AG.邂逅Club.,2
2,752214601,大虎b,2
3,752208529,星诉：花花世界,2
4,752205542,无,2
5,752203136,浪弟,2
6,752191974,笑笑,2
7,752190552,舔崽,2
8,752187421,苏乞儿,2
9,752187383,南青,2
10,752186737,TAXX.Sweet少女,2
11,752185908,TAXX.性感尤物,2
12,752185147,封,2
13,752183195,𝒥𝒾𝓁.国宝,2
14,752181206,小花花,2
15,752164745,【世界】小熊软糖,2
16,752162848,洛笙,2
17,752131473,「星诉」天上✨人间,2
18,752128255,曼巴,2
19,752127578,浪漫主义【招人】,2
20,752125338,星诉.霓虹甜心,2
21,752122376,TAXX. 私欲男友,2
22,752120834,退会中,2
23,752117070,AG.夜色撩人,2
24,752115868,应聘dd,2
25,752108208,新厅试营业,2
26,752105158,卿倾,2
27,752089907,奶瓶,2
28,752080569,北北✨,2
29,752076947,【世界】七忆男友,2
30,752064302,【星梦】Future男友,2
31,752051355,【瑜泰】蔷薇恋人,2
32,752046609,。,2
33,752046191,陪玩大讲堂交友厅,2
34,752044228,月夜（奶嘴）/糖果屋起扣,2
35,752041656,TAXX.呢喃私语,2
36,752027085,心安,2
37,752020081,Vx.如初/小屁孩/小签贼白,2
38,751998031,Not Lose,2
39,751994098,solo,2
40,751985394,凉凉,2
41,751980281,【Max】极乐馆,2
42,751976155,F-Carry/rap,2
43,751966329,【千鲤】娇宠万千,2
44,751960510,🐷🐷女孩儿碎告告,2
45,751958825,【星诉】银河赴约,2
46,751947817,偏爱,2
47,751947523,丸子,2
48,751945746,𝙔𝙞𝙠.  知南,2
49,751941038,🙃╱别抱,2
50,751933527,烦死了,2
1,751925730,ʚ307ɞ当午💙,2
2,751918323,小朋友~,2
3,751900467,蜜桃女神新厅,2
4,751890184,星诉6月厅战盛典,2
5,751886717,🎐王老丝,2
6,751866374,空,2
7,751865324,冬季女友,2
8,751854809,春心荡漾/高聘仙女/主持,2
9,751852825,🌸魏鹿溪🌞,2
10,751851242,TAXX.For u,2
11,751831962,时间主语/新厅,2
12,751825265,【星诉】相思入骨,2
13,751808535,TAXX.声控男友,2
14,751802420,Xn.人间蜜境🌙,2
15,751793660,蓝精灵妹妹,2
16,751771928,楚梦💞𝓑𝓵𝓸𝔀,2
17,751754187,【星梦】廿柒男友,2
18,751753010,卡卡,2
19,751752925,倾城,2
20,751742796,小班圆 ɞ ⚡️,2
21,751728809,呆头鹅,2
22,751728422,〔星诉〕Muse.女友 ღ,2
23,751726743,𝒬𝓁❄️六穗,2
24,751725625,Jm.甜味超标/招人dd,2
25,751725058,Max.纸醉金迷,2
26,751724856,【新鹭】池音男友二厅,2
27,751723068,小米,2
28,751716705,AG.尤物Club,2
29,751703172,巧克力,2
30,751686227,优音阁🥂,2
31,751670848,枕边男友/聘诉,2
32,751670729,众星,2
33,751670681,一见倾心❤,2
34,751666415,AG.比丢,2
35,751618571,好帅🍃,2
36,751607087,1,2
37,751604460,🤞,2
38,751599262,千寻男友/聘,2
39,751583916,时光❤️恋人招挂靠,2
40,751574497,九月,2
41,751564078,【星诉】梦御女神🎀收挂靠,2
42,751541248,语汐♥♥解约中,2
43,751540715,琦遇,2
44,751540353,故里有长安,2
45,751530441,我小姨子（招打王者）,2
46,751496869,千鲤忘川彼岸,2
47,751478651,Soheey,2
48,751474523,超欲男友,2
49,751470809,念,2
50,751469256,Souls男友,2
1,751455904,Nuyoah.,2
2,751455031,独宠,2
3,751438913,酒心女友,2
4,751434995,。,2
5,751431373,ꪚ᥉.今朝,2
6,751408077,black/勿抱,2
7,751389376,难,2
8,751384226,倦,2
9,751373574,不弃,2
10,751367265,爱✨💦☀️,2
11,751352334,AG.暖阳女神,2
12,751326264,『世界』初心有你,2
13,751319412,所谓伊人，在水一方,2
14,751318465,ls专属,2
15,751306364,𝒬𝓁✨楠楠,2
16,751279017,【星梦】伊人阁❤️相亲交友,2
17,751242358,雨支,2
18,751240216,荼毘,2
19,751189554,音御女友,2
20,751184255,【北野】极欲女神💞,2
21,751170273,TAXX.八号会所,2
22,751169283,need,2
23,751153524,Jc.温知故/歌牌嗓子哑了,2
24,751124717,【千鲤】心有灵犀,2
25,751089029,〆柒颜熙,2
26,751084225,迪丽热歌,2
27,751059779,佳人有约,2
28,751053256,浪味仙,2
29,751045605,Ql⚜️小杜,2
30,751040412,维秘🌈男六吃鱼和包子(快滴滴),2
31,751040333,LY.女神,2
32,751032371,拾光派对,2
33,751009492,ꪚ᥉.夏离,2
34,750996860,有丸没丸,2
35,750993405,读书人,2
36,750987925,𝔀𝓳.农夫/只接试音,2
37,750985029,🌙月光女神二厅-招人,2
38,750982748,念北,2
39,750981881,海海,2
40,750974876,非酋,2
41,750937152,A.风阊,2
42,750937031,TAXX.Lost迷矢森海,2
43,750936824,TAXX.名爵C,2
44,750933972,安琪,2
45,750919296,〖星诉〗青涩女友/新厅聘女神,2
46,750914399,【星诉】喵喵屋,2
47,750914339,甜馨女神高聘日算,2
48,750889661,漫点心动,2
49,750883909,小醋包.,2
50,750880487,⚘.清倌/古娜拉黑暗之神,2
1,750880380,奇妙物语💞招优质男神,2
2,750878386,书斋万里,2
3,750878163,TAXX.零点酒肆,2
4,750877600,TAXX. 越狱,2
5,750877392,【星诉】纯色女友,2
6,750876950,what？,2
7,750874479,s扣,2
8,750873742,迷路小爱,2
9,750869977,嘻嘻😁,2
10,750860217,Ty.娱乐圈2,2
11,750851544,白莲,2
12,750832529,无敌鹿,2
13,750778306,Max.全能男友,2
14,750778123,红浪漫交友,2
15,750775508,海王男友.,2
16,750752565,世无双.勿扣,2
17,750723842,艺人,2
18,750719209,不乖乖,2
19,750704280,【梵域】🍑首选少女,2
20,750688576,唯一,2
21,750688190,瞳昕🐻,2
22,750686594,猫,2
23,750683571,【新鹭】耳畔觅语,2
24,750674052,Lr.小淘气♡,2
25,750664874,。,2
26,750653088,初遇男友,2
27,750648145,沉啊沉,2
28,750637970,败类_,2
29,750632603,Bn.林有鹿🎤歌,2
30,750632471,自渡 ',2
31,750627896,ꪚ᥉.洛洛/sb,2
32,750594831,会议中勿扰,2
33,750587706,妻꧔ꦿ້໌ᮨ,2
34,750580399,倾城时光💫,2
35,750563942,Yc.沐辰,2
36,750540376,【𝒬】清楼阁,2
37,750536206,CYdb,2
38,750515014,Enq09（不要抱）,2
39,750507892,𝓖𝓓·沐/🌚🌚,2
40,750503201,【世界】OMG.女神,2
41,750495408,诉,2
42,750486719,817-刺-聘,2
43,750472601,11,2
44,750470141,🐟,2
45,750454565,【星梦】合约男友,2
46,750448930,【星诉】Fishpond,2
47,750447075,H.呗勒爷陕西《影》才艺天花板,2
48,750442292,【星诉】光年男友,2
49,750437972,【星诉】魔仙堡,2
50,750433995,丢丢,2
1,750427195,【新鹭】小鸟伊人（招冠名）,2
2,750398458,【星诉】漫夜女神,2
3,750398049,友谊派对,2
4,750394500,憨憨🤍,2
5,750380943,晗宇,2
6,750343303,【星诉】烟花易冷,2
7,750329382,💤鱼的记忆只有七秒,2
8,750327325,离．,2
9,750322130,行走的韭菜,2
10,750306668,星动恋人,2
11,750300131,枫叶公馆,2
12,750262648,【世界】夜魅女神,2
13,750260519,「KFC」女神新厅💃🏼高聘,2
14,750256249,H,2
15,750256043,sr.双笙-电台-歌,2
16,750215930,ꪚ᥉.枸杞🎈,2
17,750214401,三千,2
18,750204628,Cm.白水水/聘诉,2
19,750204550,初晴,2
20,750200702,AG.情窦初开,2
21,750155272,ꪚ᥉.温情💙,2
22,750153998,Yt6.心空～,2
23,750147861,勿念,2
24,750141282,林殊,2
25,750133260,´•ﻌ•`K,2
26,750108065,【世界】叔音天团/聘,2
27,750095499,🌙.Ay,2
28,750088292,【星诉】前女友-新厅开业,2
29,750079891,Ly-柱子/歌,2
30,750059733,矜持、,2
31,750058820,M.如果✨0.2,2
32,750046213,【新鹭】云顶男友,2
33,750039913,安❤️,2
34,750036257,伍月,2
35,750016976,【星诉】睡前女友应聘+,2
36,750016354,一吻定情💋,2
37,749973537,大星,2
38,749970522,【世界】夜魅女神2,2
39,749963342,【黑名单】男友 高聘➕,2
40,749925694,维秘🐩季雨,2
41,749900989,穆柒,2
42,749895085,【星诉】深度女友/高聘日jie,2
43,749893878,⚘. 漫猫/拒绝666我黑,2
44,749891996,【世界】轻罗小扇聘仙女,2
45,749870455,乖乖听话.👀,2
46,749868997,【新鹭】初心女神,2
47,749855278,【千鲤】星座女友,2
48,749850194,新宝,2
49,749829863,静儿,2
50,749814161,今天一定早点睡.,2
1,749813958,樱奈,2
2,749805886,御,2
3,749803545,【星诉月倾】洛水伊人,2
4,749769678,新鹭娱乐厅,2
5,749764859,【星诉】疏星入梦/聘,2
6,749754027,玄子,2
7,749745628,【世界】禁欲.女神,2
8,749730072,無罪,2
9,749709973,丸子,2
10,749694280,迷路小爱二厅,2
11,749693240,🌙月光女神三厅-招人呦,2
12,749666132,淋,2
13,749660575,秘密与你,2
14,749626847,优益C,2
15,749626150,世界醉花楼,2
16,749624672,燎原女神/聘,2
17,749614702,KT.女神-新厅开业,2
18,749585458,硬核男神～招哥哥,2
19,749570777,决战招挂靠,2
20,749565209,潇宝儿🐯,2
21,749563446,ʸᵗ13.﷼遇ོꦿ见ོꦿ❧,2
22,749546512,X.寻音男友,2
23,749540671,【金孔雀】娱乐,2
24,749533401,𝓝.书甜～哑巴,2
25,749521908,ʟɪᴀᴜᴋ,2
26,749520935,💕 往後餘生,2
27,749518086,我爱刷票,2
28,749513746,💞楠疯💕随缘,2
29,749483778,🎶 玩家 🎧,2
30,749480953,ᴛᴀ.治愈/电台,2
31,749472118,喝腻了,2
32,749465108,布丁🍃,2
33,749458020,绝佳交友厅🎉,2
34,749449781,丫头/李想最美,2
35,749448786,Vx.皮球/想破千,2
36,749432259,娇嗔女友,2
37,749429877,【新鹭】学院,2
38,749415848,🎀,2
39,749392067,冬瓜,2
40,749391558,陌晨,2
41,749387486,软御,2
42,7493787,彤彤彤彤彤❥꒪ั,2
43,749366033,甜糖女友/挂靠应聘,2
44,749345704,维秘🌈女神厅,2
45,749332041,Zd.纸短情长,2
46,749325032,维秘🌈男神七厅,2
47,749296966,圣代,2
48,749273970,〔XS〕少女心事,2
49,749268853,〔XS〕,2
50,749246477,〔XS〕归属男友✨,2
1,749244872,〔XS〕樱花女团,2
2,749244612,喜,2
3,749243338,【新鹭】欲望男友,2
4,749240333,【星诉】纸短情长.应聘送鸡蛋,2
5,749216860,干饭棠🍬,2
6,749208738,时光机,2
7,749205746,懒,2
8,749196452,招仙女,2
9,749149503,顾晨,2
10,749139266,汪美,2
11,749130853,维秘男🌈十一厅,2
12,749127017,Inke749127017,2
13,749083358,【控欲】,2
14,749072250,𝑴𝒆.柴柴/歌Rap,2
15,749065107,.,2
16,749062644,苏以,2
17,749061253,光年之恋【新厅】,2
18,749058586,💗逍遥阁💗,2
19,749058386,南风,2
20,749055298,vip高聘dd,2
21,749051241,SY.梓萱/甜～,2
22,749025395,诉心女神/聘诉,2
23,749025119,甜梦少女🧸,2
24,749018197,Sy.澜,2
25,749015265,A.乐乐,2
26,749001974,【星诉】Dk Twister,2
27,748982538,758,2
28,748930568,靠着打鱼养着自己的老婆,2
29,748914601,【星诉】夜醉美/聘,2
30,748895753,念念ꦿ༊不忘,2
31,748893102,勇敢洛洛：夏末预选赛有你真甜,2
32,748889708,【世界】天籁女神★聘女模/招挂靠,2
33,748870320,活了,2
34,748799475,友谊拉力赛,2
35,748795153,【世界】魅惑之音,2
36,748783724,陌墨,2
37,748779161,大叔高聘纯提70,2
38,748752696,迟暮男友,2
39,748752617,换窝,2
40,748751993,橘子,2
41,748727355,五六柒（别抱）,2
42,748718793,毅小废,2
43,748710649,【瑜泰】正牌女友,2
44,748698218,💿失约,2
45,748680394,南辞/99扣,2
46,748673451,🔥虎🔱哥🔥,2
47,748665881,芝士排骨,2
48,748650604,倾酒女友招人，应聘私信,2
49,748624598,O,2
50,748612425,小鱼诱饵,2
1,748603829,Q,2
2,748595844,臭鱼快爆,2
3,748587872,小妖,2
4,748576849,北辰,2
5,748542968,姀😑别烦,2
6,748538163,蜜镜女神,2
7,748532705,泡芙,2
8,748523810,球球,2
9,748492096,奇遇世界,2
10,748465179,🍉,2
11,748454601,Ⅸ.惊梦《来找茬的出门左转不送》,2
12,748445537,瘾.Club/不接活,2
13,748440464,枕星,2
14,748433373,TAXX.早川恋人,2
15,748431829,TAXX.溺爱女友,2
16,748388821,MTK,2
17,748382931,相约长安,2
18,748377860,七堇年,2
19,748361459,判官🌈维秘/聘诉,2
20,748352689,无语子,2
21,748349406,.小喵.✨,2
22,748349009,青栀恋人,2
23,748336088,Yn.玖依——莉🌟,2
24,748332160,丑丑,2
25,748331750,休息,2
26,748321613,抱笑ɞ,2
27,748316610,新厅🍓莓你不行,2
28,748312848,摘星男友,2
29,748300586,烟醚,2
30,748284134,【星翰】火箭少女 🏖,2
31,748282372,ʚ307ɞ伊人🎐,2
32,748268940,𝓝.魅/孟婆,2
33,748267867,【千鲤】77.女友,2
34,748267306,.,2
35,748262392,星月.,2
36,748250759,🍋范思哲,2
37,748237335,AMG.小未来/ky,2
38,748235842,「星诉」私密男友,2
39,748226946,危险女友,2
40,748211466,TAXX.盛京女神,2
41,748211377,TAXX.养乐多女友,2
42,748200149,1,2
43,748192447,MI. 温旧,2
44,748176484,勿抱,2
45,748175812,DQW,2
46,748155528,【千慕】星系少女,2
47,748146538,TAXX.干饭美少女,2
48,748145855,TAXX.萝莉优,2
49,748144491,厅溜子酷酷,2
50,748135556,维多拉交友厅-试营业,2
1,748112758,【Waves】野格,2
2,748111891,Waves星光男3厅/熠熠生辉,2
3,748107775,【Waves】池欲,2
4,748107104,【千鲤】私人酒馆,2
5,748057152,【星梦】First第一印象,2
6,748048776,【晳悦】完美男友,2
7,748048212,【千鲤】声宴女神,2
8,748046162,凡尔赛集团CEO,2
9,748040483,漫漫,2
10,748030819,宗介,2
11,748019240,💫研⚡️学长✨,2
12,748005204,没劲,2
13,747996773,"        ",2
14,747991889,温玉,2
15,747990083,鐘̶意̶,2
16,747966927,聴聴、,2
17,747946961,Lr.小七,2
18,747928934,十一弦（别抱）,2
19,747918571,一杯美式.,2
20,747907923,哼哼,2
21,747899428,尘慕夕,2
22,747867732,ི🦋ྀ.酒酒/挂睡,2
23,747856814,【星诉】漫夜女神,2
24,747856676,【星诉】Vicky.不负遇见,2
25,747855253,‍善恶都是我,2
26,747807544,星冰乐,2
27,747806496,青峰,2
28,747785204,多了个多多,2
29,747750828,TAXX.倾城女友,2
30,747734872,温,2
31,747715346,阿布,2
32,747712186,TAXX.kiss女友,2
33,747671548,💔,2
34,747662917,Xl.星宇,2
35,747650189,【新鹭】风花女友,2
36,747637732,星诉☞梦璐交友☜,2
37,747632334,.,2
38,747632282,AG.吧唧,2
39,747630768,归途,2
40,747618095,轻喃,2
41,747600516,林鹿,2
42,747588392,MISS,2
43,747580001,莫妮卡🍥rap歌喊麦,2
44,747548831,Xl.听安/洛柒是我爸爸,2
45,747546511,🔱祂👣,2
46,747533020,无,2
47,747525229,🧸ིྀ,2
48,747506676,维秘🌈女神二厅,2
49,747493626,時雨,2
50,747479455,🍊雪❄️/月吟故渊,2
1,747475001,夏天,2
2,747465961,AG.青柠少女,2
3,747451135,ᯤ,2
4,747442639,别抱大猫,2
5,747442314,【千鲤】怦然心动,2
6,747435484,X.,2
7,747429891,紫禁之巅-渣男『80万任务』,2
8,747414112,Vx.恒月,2
9,746620707,落沫～,2
10,746615229,丸子,2
11,746598982,【千鲤】Lsp聚集地,2
12,746589054,【星诉月倾】御前男友,2
13,746585414,zeronis,2
14,746579615,秋,2
15,746572212,你已高攀不起😂😂,2
16,746567908,9°,2
17,746566008,南风旧港,2
18,746565817,茱萸男友,2
19,746556160,AG.包子♡聘诉,2
20,746527866,㵘㵘,2
21,746520736,欲诱女神,2
22,746514022,✨X.林示/🤒,2
23,746504282,𝒬𝓁💋小狐狸🧚‍♀️,2
24,746502017,❀.罂㓘🔮施魔法,2
25,746496688,抹茶星冰乐,2
26,746494410,神曲（别留榜）,2
27,746463927,Sr.气泡儿🧚‍♀️呜呜怪,2
28,746437957,🎊️,2
29,746433362,甜甜💗,2
30,746429689,^_^？,2
31,746425513,ॱଳ͘.半夏/全能吞,2
32,746416299,深度男友/招挂靠厅 流水模,2
33,746414051,。。。,2
34,746397914,🤷‍♀️,2
35,746388342,Rm.北枳,2
36,746382963,aɪ.夜遇,2
37,746381595,【瑜泰】点唱厅,2
38,746377625,时雨.🥂,2
39,746375104,ccccs,2
40,746365097,【千鲤】秋水伊人/招,2
41,746365002,🙉雪碧🍭,2
42,746361754,AG.啾啾,2
43,746352849,空欢,2
44,746321963,沦陷男友,2
45,746318935,小禾,2
46,746290472,妹妹好怕呀~,2
47,746285431,故事,2
48,746279617,TAXX焦糖女友,2
49,746279526,TAXX.宝藏男友诉聘+,2
50,746277299,TAXX.基遇男友,2
1,746277078,TAXX.FS女明星,2
2,746225189,解忧🌙,2
3,746186795,小雨,2
4,746176855,夜空,2
5,746159195,不要抱我，我要解约,2
6,746139941,圣优女神,2
7,746123850,AG.心动酒馆,2
8,746098122,梦寐,2
9,746097558,Review男神,2
10,746086816,奶茶女友新厅开业,2
11,746059126,我失散多年得父亲,2
12,746052360,天,2
13,746052226,娅,2
14,746041508,神明,2
15,746012607,冰唇ꦿ封࿐,2
16,745989928,【千鲤】人间尤物,2
17,745959704,Re（ 33起扣）,2
18,745947028,☪  ້໌ᮩ花花✨白,2
19,745907277,久,2
20,745905608,离心🧸,2
21,745878925,舒窈,2
22,745831205,头头是道/聘,2
23,745826483,尛北儿,2
24,745793553,爆爆爆,2
25,745792939,·顽童大人·私信不回，也不批作业,2
26,745785603,隔壁男友,2
27,745767236,豆豆子（月守扣）,2
28,745760529,残影,2
29,745757066,夜蒲女友,2
30,745734052,kk不想吃糖💊,2
31,745733312,姽婳少女-招战神,2
32,745679109,Yt.命命~🐾,2
33,745677962,甜,2
34,745677864,温柔的救赎ﾟ,2
35,745660836,偷心尤物,2
36,745652057,一甜Baby❤️,2
37,745649144,浮白,2
38,745622496,傻丫头（勿扰）,2
39,745620298,晚风🧸/凶女人,2
40,745620070,大宝贝,2
41,745602034,98,2
42,745597812,【新鹭】爱情公寓,2
43,745590611,敢,2
44,745581213,什么青蛙🐸,2
45,745571351,F-鲸鱼🐳/歌𓃰,2
46,745566456,妖儿,2
47,745541610,嘉木,2
48,745533254,文盲,2
49,745511754,甜馨女蜜高聘日算,2
50,745503132,柠檬很甜呀,2
1,745499926,一吨大月亮,2
2,745450857,随雨而起,2
3,745436649,Unique.,2
4,745436102,Av.刘C菲,2
5,745416964,高兴,2
6,745375534,TAXX.超A男友,2
7,745331862,TAXX.Dream美人居,2
8,745325168,乔,2
9,745324165,五碗🍚模王geigei专属陪档,2
10,745295029,🌈【国民校草】你的佑佑封票☀️,2
11,745282543,甜橘🍊六六,2
12,745255507,白,2
13,745231137,六羽🐣🐥,2
14,745212062,【全能厅】风花雪月,2
15,745178798,我只会心疼giegie,2
16,745177017,小biu,2
17,745175580,AG.轻音女神,2
18,745166946,𝒬𝓁❄️ 龙猫,2
19,745166326,【星诉】晚安女友,2
20,745164578,勇敢牛牛,2
21,745125277,翎晴阁,2
22,745108657,火锅,2
23,745098653,宁缺毋滥,2
24,745095226,闹闹睡不醒,2
25,745094763,阿游,2
26,745086810,倾国男友,2
27,745069625,【星诉月倾】蒹葭女神,2
28,745067170,别抱,2
29,745056855,⁢⁢　🐟🐟🐟,2
30,745056764,【千鲤】鸢尾情人,2
31,745051062,TAXX.Poison毒男,2
32,745039383,难,2
33,745032583,XO醉仙居,2
34,745022289,TAXX.夜欲✨女神,2
35,745019754,TAXX.甜心少女,2
36,745006314,𝓆𝓁🦄汐绾🐡,2
37,745002083,小～春春,2
38,745001883,情绪,2
39,745000913,Missa🍊儿歌,2
40,744989134,TÑTboy band🔱,2
41,744956349,【星诉月倾】ξ青汐阁,2
42,744935805,🐾糖糖🐾世界,2
43,744932306,Sunny 甜℃,2
44,744901027,R.耳觅大头,2
45,744887979,川木,2
46,744867785,Az.蛋🥚,2
47,744842988,冶 心就很冶心,2
48,744818847,九九,2
49,744755498,𝓈𝓁.麦香鱼/聘,2
50,744724383,橘猫/解约别抱,2
1,744680477,提提,2
2,744614717,野,2
3,744606139,Nous.萧-歌,2
4,744598378,【新鹭】第五季节,2
5,744596885,韩先生的小可爱,2
6,744554635,两清🍃,2
7,744551253,TAXX.热气男友,2
8,744546843,TAXX.Nous温青聚集地,2
9,744506782,一千零一夜二厅,2
10,744504010,焱,2
11,744501707,『星诉』念念不忘,2
12,744468146,【瑜泰】岸芷汀兰,2
13,744390040,【星诉】勿忘心安,2
14,744382821,苍穹,2
15,744329082,李菜菜,2
16,744257598,甜馨女宠高聘日算,2
17,744246117,猛男,2
18,744246087,𝕋𝕙𝕖 𝕆𝕟𝕖男友,2
19,744220331,🔱小怪兽,2
20,744217378,TAXX.拾花小镇,2
21,744211739,TAXX.森屿之都,2
22,744201924,TAXX.伊甸园,2
23,744190080,🍬胖可丁,2
24,744163759,【世界】七忆女友,2
25,744161865,一笑倾城/应聘,2
26,744087299,？,2
27,744081156,𝓆𝓁🦄夕宝,2
28,744078517,七七,2
29,744058648,好眠的小号,2
30,744043614,ꪚ᥉.九月/歌麦,2
31,744032192,猫系男友🐯有应聘的吗,2
32,743980726,tui,2
33,743970335,栗子✨休眠中,2
34,743962405,☀李子,2
35,743902060,🍼.软饭/拽,2
36,743900896,.,2
37,743873940,🍭 .糯米,2
38,743864595,招男女模,2
39,743861855,王德发。,2
40,743861692,Riki,2
41,743855174,🍉,2
42,743844596,我不是狗但你是真狗,2
43,743841866,尚品网娱,2
44,743830841,ℳ๓.🍼是狐狸吖🍓,2
45,743819462,月宁❤️,2
46,743818611,✨,2
47,743812469,🧜‍♂耳東♠️,2
48,743805635,杰沐（语音故事）,2
49,743801611,?,2
50,743763388,AG.一鉴倾心,2
1,743736408,【千幕】提拉米苏-聘,2
2,743717635,.,2
3,743705274,🌠ㄉ莣訫咹🛡️,2
4,743682195,宋九枝,2
5,743678717,余屿与鱼✨,2
6,743677021,Yc.诺言ky,2
7,743673932,糯米💃💋,2
8,743642789,花菜饿了🥦,2
9,743609544,Ty.娱乐圈,2
10,743599542,牙牙乐℃,2
11,743559150,鳳雲🏮交友厅,2
12,743547804,🌟.阿蛮&奶罐🐻,2
13,743391675,尘封（别抱我）,2
14,743379162,1,2
15,743368595,勿抱解约中,2
16,743319658,Y🍼,2
17,743301044,Sss男友,2
18,743277833,！！！,2
19,743275981,【新鹭】音缘女神,2
20,743242812,𝓆𝓁🦄池鱼💞故渊,2
21,743228752,爻,2
22,743176534,已换厅号,2
23,743160973,G.啵啵吃野猪,2
24,743094570,އ淡然,2
25,743088365,四季予你,2
26,743075023,月吟/故渊,2
27,743019170,蜜桃🍑私语/招挂靠,2
28,742949151,春色恋人♡招主持,2
29,742933663,焦糖味情话,2
30,742789048,"  安青",2
31,742745470,不睡,2
32,742736932,新厅开业，应聘dd,2
33,742728853,繁星,2
34,742657436,TAXX.一见倾心,2
35,742640865,童鞋娱乐,2
36,742627180,大🐔,2
37,742620117,星诉恶魔👿高校全明星,2
38,742596140,TAXX.摘星阁,2
39,742545294,「如鱼得水」,2
40,742529219,【音咖】心动超标/.高聘 招挂靠,2
41,742517964,『千鲤』广岛之恋,2
42,742514115,【千鲤】维纳斯女神,2
43,742436821,MI.梓涵🐳,2
44,7424250,🐻🐻🐻🐻🐻🐻🐻🐻,2
45,742386849,雅痞公馆/招男女神/招挂靠,2
46,742356529,lsp.柒,2
47,742302653,星落男友,2
48,742272298,Seven.北城/活了,2
49,742253578,St. 林初久-久公主,2
50,742227624,「星诉」微光男友,2
1,742224042,雷名泉来刷礼物了,2
2,742208584,聘诉,2
3,742170572,☽.小哭包蝶吟试个瓶子吧,2
4,742145606,陽🍂,2
5,742144223,AG.苒小胖/臭鸭🧸ྀི༉,2
6,742142485,ᵕ,2
7,742141915,〈世界〉薇婉女友,2
8,742088528,草莓🌈维秘,2
9,742086635,【新鹭】蜜恋女神,2
10,742073109,AC女神,2
11,742060443,阿护,2
12,742045976,1,2
13,742034061,Inke742034061,2
14,742019470,梦,2
15,741893214,【新鹭】左耳女神❄️新厅,2
16,741866060,东海龙王🐉,2
17,741782795,雾,2
18,741750286,〖新鹭〗湾奈男友,2
19,741749141,南言〖聘〗,2
20,741725695,顾及🐬暂退,2
21,741692599,留白,2
22,741670193,财迷,2
23,741663653,一千零一夜,2
24,741661388,小莫,2
25,741658621,AG.黑色蔷薇,2
26,741616902,🌟.南屿🧸ོཽ请假一周,2
27,741572236,浅吻少女招人中,2
28,741563391,湉,2
29,741551832,执君,2
30,741521079,退🧸勿抱,2
31,741517778,星恋女友/新厅,2
32,741500812,青枫,2
33,741470498,荒年,2
34,741374826,Gs. 羊仔,2
35,741336092,TAXX.CHANEL,2
36,741314449,【千鲤】花花世界,2
37,741314158,噗呲噗呲,2
38,741309774,九.,2
39,741298729,林凡,2
40,741208100,𝓝.凡一,2
41,741203788,鸦鸦🍺,2
42,741151402,꧁❀ൢ貓༒爺ൢ❀꧂,2
43,741089263,老野,2
44,741084172,维秘🌈赫本女神,2
45,741079130,尤物,2
46,741065702,鶇酱,2
47,741012274,【星诉】琴瑟交友,2
48,740966192,【千鲤】元气星球🌸,2
49,740900522,🍬星星,2
50,740894683,哒咩～哒咩～,2
1,740844285,琯为命,2
2,740833634,禁忌女神,2
3,740832817,【新鹭】佛系少女,2
4,740807639,Atena,2
5,740782989,🦄️·小志,2
6,740782787,小耳朵🧸ྀི,2
7,740778097,【世界】凤凰交友,2
8,740759866,秋辞,2
9,740739380,TAXX.夜色阑珊,2
10,740658205,沂决,2
11,740642448,曼妙佳人💫,2
12,740593400,🍼,2
13,740587748,[星诉月倾] 露娜女团,2
14,740551233,TAXX.佛系男友,2
15,740509372,零,2
16,740486976,QL🍬木子,2
17,740483695,",",2
18,740458121,陌,2
19,740450177,【星梦】纯情少女,2
20,740386343,肉肉/🍖,2
21,740381557,小妖精,2
22,740365661,ºн桃,2
23,740342210,【星诉】指尖女友,2
24,740330896,清蒸,2
25,740327262,胖子！,2
26,740281652,☞筱羽 』,2
27,740251028,【千鲤】寻欢作乐/招,2
28,740250140,Xsd.小可怜,2
29,740244146,沐大公子,2
30,740235653,ღ.俗人/聘、诉,2
31,740225574,林林,2
32,740204127,❄️.温柔🐖,2
33,740169677,自闭勿扰,2
34,740131456,🌟.珂珂,2
35,740090480,TAXX.闲花小筑,2
36,740046621,【星诉】奥斯卡女神,2
37,740016421,宠爱,2
38,739985909,𝒬𝓁🥂可可失了乐,2
39,739950767,夏夏,2
40,739948472,Az.Damie/全不能,2
41,739940118,[星诉月倾]98K男神,2
42,739938225,温柔为遇见晴宝~,2
43,739936681,【星诉月倾】🌟.聆音阁~,2
44,739928565,🦄塞满/月差9000,2
45,739887303,小小红娘,2
46,739886596,夜笙,2
47,739876466,恋爱ing,2
48,739868492,湿哒哒,2
49,739858258,极乐,2
50,739838299,AG.绯闻女友,2
1,739835535,⚜️刺💘猬⚜️,2
2,739765662,TAXX.宝藏女孩,2
3,739756976,【晚佳】桃鸳女友,2
4,739752556,爱乐城海选现场,2
5,739604606,周  周ིྀ♡独爱阿楠,2
6,739599107,七,2
7,739587653,渣滓是你老父亲,2
8,739563338,夭儿🐾,2
9,739534799,柯壹👻在呢,2
10,739497195,Yt1.灿灿,2
11,739378676,AG.微甜女友,2
12,739378231,迷迷💋许愿童话套,2
13,739350824,【梵域】暮光之城,2
14,739285113,SY.初见/甜~,2
15,739279948,TAXX.Gs心动婉约,2
16,739279264,怡鸿院交友厅,2
17,739246632,风语,2
18,739195204,八两,2
19,739156038,🍹.沐/御,2
20,739134777,【星诉】酒遇女友,2
21,739048917,舞之精灵～交友,2
22,738998725,【星梦】水星男友 招人,2
23,738962606,止话,2
24,738934850,AG.清酒,2
25,738808736,🍒.肚兜吖,2
26,7388023,女三换厅，看关注,2
27,738734036,别靠近我.,2
28,738715731,【星诉】心动女友,2
29,738686501,三三女友🎉招陪陪挂靠‼️,2
30,738626543,北鱼清风阁,2
31,738605723,MI.梧桐ʕ•̫͡•🐳歌姬🌈,2
32,738597185,甜梦少女🧸,2
33,738574252,於散,2
34,738570252,🌙月光女神一厅-招人,2
35,738562395,小词,2
36,738419547,咳咳咳,2
37,738416328,AG.佳期🦊,2
38,738362822,Sup.月华（随意）,2
39,738338181,N.清揉💧💦  小野王,2
40,738337828,肚兜吖,2
41,738232785,小张12,2
42,738152473,༄ଘKim🕸Jinଓ༣ྀ࿒࿐,2
43,738128290,素心,2
44,738115618,桃子皮薄🍑,2
45,738097508,🍸.CC/挂,2
46,738052075,远远💚💚💚💚💚,2
47,737989813,星诉「枕边少女」,2
48,737951706,小锅锅,2
49,737934992,富贵儿,2
50,737907498,温御男友,2
1,737830557,阿诺,2
2,737828272,我的邓。,2
3,737810448,【新鹭】寻欢作乐,2
4,737791017,维秘🌈男神五厅,2
5,737788196,减肥的茶茶🤨,2
6,737447805,Time.大D,2
7,737414567,不知名美女婉,2
8,737403448,御里,2
9,737402280,5.秋风,2
10,737369359,何时放下,2
11,737263448,小星星,2
12,737250090,九命猫এ,2
13,737232139,九三✨,2
14,737211300,Qc.小恋/聘诉,2
15,737150996,🐟花璇交友厅(欧文冠名),2
16,737145425,维纳斯♥,2
17,737046332,🥤,2
18,737042757,晨晨,2
19,737003797,TAXX.夜夜笙歌,2
20,736965675,你呼叫的用户不在服务区，请勿打扰,2
21,736951541,To,2
22,736948898,.,2
23,736934193,妮子,2
24,736866658,迷糊,2
25,736862104,此后无归期,2
26,736828211,♡H♡,2
27,736737228,【梵域】-甜心女友聘•招挂靠,2
28,736461262,🐟,2
29,736317663,忱辞,2
30,736131540,【世界】浅巷佳人,2
31,736013812,【新鹭】男神二厅,2
32,735993755,【星诉】Da鱼海塘,2
33,735954853,【新鹭】玊尔女神,2
34,735870631,Y.青酒/歌🎼/S,2
35,735720425,An.奶糖,2
36,735438314,北鱼如意坊,2
37,735434751,【 星诉 】星座女友,2
38,735420813,𝒪𝓈𝒸.知世ฅ/R排,2
39,735380473,Yn.温柔喵🐾诺崽崽家的,2
40,735291535,贝薇薇,2
41,735196803,❧এ 月色. ☽⋆,2
42,735144092,茶茶🌱星座幸运瓶,2
43,735099067,火狐狸男女友/新厅招人应聘dd,2
44,735093471,平平,2
45,735044604,Qz.着迷,2
46,734870850,最强.敌敌畏,2
47,734864305,画家的梦,2
48,734793056,38.6℃交友游戏,2
49,734786216,星辰✨,2
50,734741268,奈一,2
1,734691046,【音咖】夜思男神/.高聘 招挂靠,2
2,734689148,TAXX.觅心男神,2
3,734671083,有缘离开,2
4,734653493,St.长安/歌,2
5,734646294,五里取闹˃̶͈🐽˂̶͈,2
6,734617656,AG.氧气女神,2
7,734609616,✨繁星爱吃🐟✨（退👋🏻）,2
8,734575285,Yt1.锅啊锅啊/2.0救命啊,2
9,734558062,QL🍬栗笙想白马王子开出时光机,2
10,734442138,（峰子）绝世佳人,2
11,734327041,QL🍬冷淋,2
12,734319843,诗情,2
13,734220223,【新鹭】后宫女神,2
14,734214839,✨深情✨,2
15,734194985,雾,2
16,734170659,桃枝,2
17,734032091,【世界】极致男友,2
18,733932802,北国公子,2
19,733856233,【新鹭】初心二厅,2
20,733815093,私欲恋人🧸ིྀ,2
21,733813745,别抱我,2
22,733748433,【新鹭】七七女友,2
23,733731709,瑾年,2
24,733716772,白白,2
25,733695543,MI.布丁🐳歌,2
26,733653830,Yt¹³. 甜甜圈,2
27,733571987,ღ.北柠✨聘诉,2
28,733539066,Star男神/招战神,2
29,733496793,小狱,2
30,733475437,卿芜、,2
31,733352453,ᴊᴍ.故梦ฅ,2
32,733255076,奶思 ℃,2
33,733041329,维秘🌈男神三厅,2
34,733022043,TAXX.东北娘们儿,2
35,732993027,众神娱乐,2
36,732920553,清酒,2
37,732915877,新鹭-小猪佩奇🐖,2
38,732881041,初见/💎🐟,2
39,732877639,吴亦凡的素人女友,2
40,732863008,AG.哑巴,2
41,732812292,Nn.耶,2
42,732628465,无心/解约勿抱,2
43,732614830,🕊️󾓭️撩哥󾓭️🕊️,2
44,732605355,Deer/新人,2
45,732583015,【新鹭】蜜恋女友,2
46,732557957,【新鹭】憨憨女友,2
47,732518246,【ᴊᴍ】耳边男友,2
48,732475439,蔷薇交友,2
49,732329015,【星诉】艳露凝香,2
50,732328114,好多鱼🐟,2
1,732254170,💌,2
2,732235563,𝒬𝓁·末末,2
3,732085595,作废陪档,2
4,732045369,AG.宇宙男团,2
5,732039383,inke732039383,2
6,732032388,夏崽,2
7,731993690,天阙互娱,2
8,731954892,🍓,2
9,731925315,🐾恋依🐾,2
10,731918436,乖,2
11,731851068,悦悦🍓,2
12,731838632,💞鲨鱼小辣椒,2
13,731752310,恬,2
14,731740360,甜鲸少女🐳新厅开业,2
15,731723833,sl.越🧸,2
16,731721006,汤姆喵,2
17,731645243,【新鹭】青蜜男友,2
18,731609978,【千鲤】独家记忆,2
19,731466280,139,2
20,731448049,1,2
21,731230252,泡泡不困,2
22,731222409,【星诉】音绾女神,2
23,731154628,维秘🌈女神六厅,2
24,731084333,Gs.极光女友,2
25,731039842,啊啊啊啊啊啊啊树,2
26,731023273,🍂🍂🍂,2
27,730913418,帝盟,2
28,730901790,桃花谷🌸多人交友🐟厅～,2
29,730828674,九千七🐥,2
30,730777689,Dr.落单,2
31,730773620,秋🌈维秘,2
32,730637670,草莓🍓味Honey团,2
33,730617803,久伴,2
34,730527952,绝版,2
35,730496579,👑风浪,2
36,730496091,传说中的龍,2
37,730485101,善良才可爱,2
38,730466175,✨昕宝,2
39,730465950,ོꦿ'Recall এ᭄゛,2
40,730382922,壹号当铺/招主持,2
41,730362092,恩宠女友,2
42,730344360,转新厅搜索寄托男友,2
43,730211715,👑王二狗,2
44,730182698,唯Ｃ✨,2
45,730181421,👑呆萌,2
46,730127546,Xl.郜白,2
47,730097231,本色地带🎸,2
48,729944894,【千鲤】心动女友,2
49,729893539,22不带头/找拉模宠,2
50,729815630,新鹭/满天星多人语玩厅～,2
1,729752197,.,2
2,729737667,悲雨℃/雨三岁🌧,2
3,729694212,【新鹭】池音女友,2
4,729689297,We.爱在苞米地,2
5,729642360,♡ 和平♡,2
6,729617129,天命真神☀掌天道🔥控命运,2
7,729558449,空白. 𝔀𝓳,2
8,729542880,维秘🌈女神八厅,2
9,729517965,TAXX.Nous少御聚集地,2
10,729384588,微醺恋人,2
11,729374832,退,2
12,729236168,流浪客（可可）,2
13,729222015,TAXX.ink男友,2
14,729214272,洛🌻救命,2
15,729165414,孟婆/解约别抱,2
16,729154627,我是大美女👑,2
17,728992237,Qn.7宝,2
18,728956645,【千鲤】K暴萝莉,2
19,728922547,悸她爹.𝔀𝓳,2
20,728921253,【新鹭】青蜜女友二厅,2
21,728813740,TAXX.私人女友,2
22,728771408,naki,2
23,728707124,【新鹭】天分女友,2
24,728561282,ᴅᴜʀᴇx.,2
25,728543350,ᴹ晚晚,2
26,728441227,空白/解约中,2
27,728433994,啊森,2
28,728419203,📀梁幻慈,2
29,728355181,糖果,2
30,728309072,老玩童,2
31,728147395,TAXX.欲望酒馆🍹,2
32,728085934,ꦕꦎꦎ,2
33,727979438,就是疯儿,2
34,727969119,新鹭心动女神,2
35,727947021,Dr.雅雅,2
36,727915509,寄托头牌,2
37,727823209,【千鲤】在逃娇妻/招,2
38,727721146,收集一杯雾.,2
39,727704694,620,2
40,727675626,【星诉】798相亲厅,2
41,727622746,TAXX.Gs好好先生,2
42,727354334,【千鲤】解忧客栈,2
43,727352408,【千鲤】可口可乐,2
44,727307264,安安守护冷御,2
45,727221531,糟糕，，，,2
46,727212055,独处,2
47,727211691,ﻬQL🍧小太阳/厂花,2
48,727184463,ML.果冻🍥,2
49,727176804,小果冻,2
50,727142188,C.墨白❤️排骨,2
1,727113844,初冉呐～,2
2,727089078,奶味仙女/高聘战神,2
3,727013630,幻音坊,2
4,727013584,治御女友,2
5,727007447,【新鹭】晨曦女团新厅,2
6,726923402,【新鹭】星悸物语/🥒冠,2
7,726904467,404-小辰轩/过4.0就好,2
8,726842974,艾森男友新厅开业招战神,2
9,726736457,🍸.赫兹,2
10,726672088,珊珊（起扣随缘）,2
11,726658982,一甜Baby🤍,2
12,726623828,一顾倾人 交友厅,2
13,726614548,维秘🌈女神十厅,2
14,726573105,失眠,2
15,726562848,✨亭  山,2
16,726536491,Pony-少女,2
17,726520518,小樱桃,2
18,726428562,【新鹭】 KJ女友,2
19,726393391,啵啵脆,2
20,726384116,Sr.鹤辞,2
21,726371289,Tt.雅诗,2
22,726360327,【星诉】人间失格,2
23,726194555,Yx.神明/歌,2
24,726184187,人气票💎幸运锦鲤💎,2
25,726142133,邻家男孩,2
26,726086352,Miya,2
27,726062278,星空熊,2
28,726023414,月火.,2
29,725926049,🌹,2
30,725919507,TAXX.MVP男友,2
31,725830259,Sang,2
32,725766698,【新鹭】池音男友,2
33,725700025,夜色娱乐交友厅,2
34,725642379,今声动次打次,2
35,725577306,【新鹭】307质感女神,2
36,725530859,维秘🌈女神七厅,2
37,725513880,44次日落,2
38,725438037,麓七🧀,2
39,725404857,Nous.漂/rap,2
40,725400661,親親⑤吧,2
41,725395838,【千鲤】宠爱万千,2
42,725381918,【新鹭】偷糖少女,2
43,725342202,今声相遇语玩游戏厅,2
44,725304062,怡情。,2
45,725071524,灵魂伴侣交友厅⚜️,2
46,724804064,xy男友,2
47,724790673,小青柠吖～,2
48,724747282,TAXX.北梦木兮招男模～,2
49,724681510,欲望视频男友二厅,2
50,724659562,💋妮露,2
1,724632084,维秘🌈男神一厅,2
2,724517198,💫 葵儿 💫交友厅,2
3,724426094,旧梦恋人,2
4,724367059,🐰,2
5,724244640,苏,2
6,724054155,幽巷色笙☔️视频交友厅🌈,2
7,723831668,情歌🐳,2
8,723802282,TAXX.月色倾城,2
9,723652912,💋我老公💋陪聊不刷，别问,2
10,723652280,月下恋人/招战神,2
11,723619436,【新鹭】🍸七臣男友,2
12,723504075,小小薄,2
13,723233127,我，陈北玄！,2
14,723156028,【星诉】卿本佳人,2
15,723081490,Tx.快乐,2
16,723012918,弥漫交友厅,2
17,722891718,战神-小木交友厅,2
18,722757202,红颜知己❤️,2
19,722560840,Tx.酒窝🌨,2
20,722549956,三哥,2
21,722204935,宅叔,2
22,722096265,『 甜心宝贝 』招人💕,2
23,722055497,Y  。,2
24,721999384,Lxy.可期,2
25,72198171,🔱𝓓𝓮𝓶𝓸𝓷 😈,2
26,721855850,涵宝,2
27,721841338,探戈,2
28,721719331,[世界传媒] 半暖女友,2
29,721689006,维秘🌈无恙♏,2
30,721502453,🌸.白天鹅 | 聘诉,2
31,721484847,板锹战神王老七 东北F4.🥱,2
32,721406306,【星夏】如月一厅,2
33,721217631,琪琪,2
34,721105718,命苦,2
35,721077368,蜜语交友,2
36,720979330,小磊交友厅,2
37,720962686,小俊、交友厅,2
38,720783463,维秘🌈女三厅,2
39,720710267,AG.红颜惊鸿🍷,2
40,720697551,乐此不疲交友厅,2
41,720522374,এ᭄ꦿ꯭欢এ᭄ꦿ,2
42,720468539,〖封封〗,2
43,720316466,鬼炎,2
44,720244718,欲望男神,2
45,720132939,🌼,2
46,720115023,🧞‍♂️啾啾啾啾⭐️走心娱乐,2
47,720014602,TAXX.夏日限定男友,2
48,719987988,明天,2
49,719824875,维秘🌈女神一厅,2
50,719812201,TAXX.温柔乡,2
1,719706594,唬牙交友厅,2
2,719608925,【新鹭】女神部落,2
3,719601172,莫无尘,2
4,719567311,退会中,2
5,719330532,【新鹭】小树林,2
6,719186667,🌸小泡泡,2
7,719010325,【星诉】新时代女神,2
8,718980617,初音女友/高新诚聘,2
9,718915685,煜喆,2
10,718622575,花呗呗💋喜欢帅的,2
11,718576241,〖文太子〗,2
12,718526801,星诉·0度女神,2
13,718434429,欲望男神交友二厅,2
14,718416935,牵手一生,2
15,718391085,丢,2
16,71837587,夏天,2
17,718249874,安琪,2
18,718225084,【新鹭】舒馨恋人,2
19,718155833,Gina,2
20,718118441,子虞,2
21,718052118,嗯哼,2
22,718034637,🧸圈圈🧸2,2
23,717883860,leave,2
24,717842902,ღ᭄任ꦿ꯭先笙꧔ꦿ᭄,2
25,717765515,路人乙,2
26,717746070,雪糕🍦,2
27,717612276,财神,2
28,717419997,飞跃地平线,2
29,717370678,Js.莫三三❤️,2
30,717360546,星诉：最强阵容,2
31,717270316,龍行天下决战厅,2
32,717254449,千鲤忠義堂,2
33,717122006,【北野】Angel相亲交友厅💫,2
34,716819661,试播厅,2
35,716657570,【凯飞】MM公社,2
36,716654148,【凯飞】夜宴女神,2
37,716621540,遇见交友厅,2
38,716329425,。,2
39,716022445,星诉☞0°男神☜,2
40,715953642,一诺,2
41,715882087,ℒℴѵℯ໊ོ🍮布丁,2
42,715525565,怎样？,2
43,715446072,半闺蜜冰冰[1314岁],2
44,71515382,后海酒吧（山山),2
45,714948800,十二,2
46,714793933,Dr女神 收挂靠,2
47,714734912,扣扣,2
48,714463935,安南,2
49,714403252,老炮主持宝哥,2
50,714384781,TAXX.夜魅会所,2
1,714349852,晴宝🙉,2
2,714190554,心动💓邂逅,2
3,714107532,【瀚云】天上人间,2
4,713906531,🐳王妞妞🐳,2
5,713845463,迷醉,2
6,713840822,小糖主❤（暂时封票，攒童话套）,2
7,713839707,丢丢呀🥳（解约别抱）,2
8,713722321,🌸Angel女神馆🌸,2
9,713538640,亦白,2
10,713461024,珊珊❤️交友厅,2
11,713419792,寶貝,2
12,713184910,星诉【新时代男神】,2
13,713009378,【星诉】音觅酒馆,2
14,712914142,天涯,2
15,712828165,Ys .小瑞贝🦋,2
16,712357184,999,2
17,712253476,土豆（出山🙄）,2
18,712090637,【新鹭】青蜜女友,2
19,712046863,厌世,2
20,711750974,Nurse.道恩789,2
21,711658574,🍑桃桃🍑,2
22,711645901,墨宇♚,2
23,711360681,༺ 尒庇陔 ༻,2
24,711319369,新鹭/哆啦A梦🍒,2
25,711161584,荀白,2
26,711147080,不找了（酥心）,2
27,71110557,꫞꯭田野꫞,2
28,711038385,星,2
29,710973355,En,2
30,710674039,💋素颜👣✔,2
31,710625596,靖710625596交友电台,2
32,710517324,澎湃^（交友厅）🌴,2
33,710398206,邂逅佳人厅,2
34,710300876,猫儿,2
35,710267263,最强·甜大头✨,2
36,710099977,蜜糖女友,2
37,709838836,【新鹭】NJ女友新厅🎬,2
38,709717884,🥀筱 夏এ᭄,2
39,70960799,……,2
40,709203406,【童鞋】梵音男神,2
41,708990047,绯色琉璃,2
42,708701664,奈肆〽️,2
43,708531360,解放右手交友厅 单身大party,2
44,708498820,少女厅,2
45,707754190,Ys.泡芙/小77,2
46,707451131,初心,2
47,707333810,甜甜,2
48,706860160,独立流浪,2
49,706508122,太空旅行者,2
50,706293341,新家园得开敞,2
1,706276951,🏝娃娃小女神🏝,2
2,70605382,嘎嘣,2
3,705959413,白小枳呐,2
4,704776551,你想干嘛？我糜,2
5,704699446,Xl.陈辞,2
6,704523406,inke704523406,2
7,704390808,1,2
8,70387839,退,2
9,703877594,@꧁永不失联的爱꧂,2
10,703516165,🏅红鲤鱼与绿鲤鱼与驴请念3遍,2
11,703387238,🌹傻丫头🌹,2
12,703208881,ᥬ🍑᭄韩果果吖,2
13,702066389,【世界】OT女神,2
14,701629322,。,2
15,701611912,。,2
16,701422198,🌙,2
17,7013657,意念变态,2
18,701326232,冰露,2
19,701311687,🐰小碗🐰,2
20,701271757,慕言,2
21,701198274,大约是缘分,2
22,700879200,晚安,2
23,700702623,🎀丢丢🎀,2
24,700559037,主持牛马,2
25,700556500,娟姐万岁,2
26,700409162,别找我没结果,2
27,700217587,大浪交友厅、,2
28,700212278,哆啦୧⍤梦,2
29,700159281,学长,2
30,700023138,不玩了,2
31,6980729,牙癌✨晚期  👉🏻 😡,2
32,69621356,🔥火火🔥,2
33,6955544,YH.……🌠,2
34,69112260,奶泡,2
35,69017236,奶油  🙉,2
36,68423024,顺其✨自然,2
37,68241698,成人之美,2
38,6808425,洋山芋🍄,2
39,67734934,宋,2
40,67720117,Qz.白幕,2
41,67553395,এ᭄狐歌អូបា,2
42,67552280,小疯子🙈,2
43,6719219,南,2
44,67158040,✨WEGT鸢☆୧,2
45,67082285,小嘿嘿😘为你变帅💯,2
46,66810731,🎀萌柒柒✨独爱途途🍒🍼,2
47,66603227,💫天空之星✨,2
48,66459735,Star.肆/新人,2
49,66404774,枍珞,2
50,66265758,雾,2
1,66099915,笑笑吖.,2
2,65729333,✯ 星玄,2
3,65490661,王王王王王、先生,2
4,65233147,𝓜𝓼 .慕色名媛,2
5,65207629,倔驴子,2
6,64944409,sk.II,2
7,64762302,Re,2
8,64467499,C.绅士/电台❤️,2
9,642354691,Gs.晴天,2
10,641812452,【世界】天籁女神☆聘女模~招挂靠,2
11,6405254,大悲/暂退,2
12,640142329,鱼的闺蜜~林哥呀,2
13,639812704,不扰.,2
14,639602519,马大海,2
15,637897137,Waves星光女2厅/在逃公主,2
16,63689403,是肆肆-,2
17,63678006,﹏ૡ小姐姐妳別動༊,2
18,63515335,Yoo,2
19,634872412,ଇ.,2
20,6333168,╰💕薇 ε儿ღ℡,2
21,63243683,思妤的井盖ヅ ฅ🏍️,2
22,632419768,阁下,2
23,631937110,好好,2
24,630816351,[星诉] 南风格,2
25,6304310,辜负,2
26,629342703,维秘S6青铜组活动盛典🎉,2
27,629317141,Prodigal丶,2
28,629081242,芯诺,2
29,628793104,Prodigal,2
30,626377539,佳琦𓍯,2
31,626259014,ℳ₯㎕.珍珠℡,2
32,62606134,颜少✨,2
33,625460322,远方,2
34,625446076,solo trip,2
35,625051691,一朵桃花,2
36,624347190,百万娱乐（星诉）,2
37,624342575,ღ 遇见心碎𓆡,2
38,623835103,z110a怪蜀黍王,2
39,62351383,🐏僊爺🙏心一,2
40,623171067,🔥蓉儿🔥,2
41,622750723,【新鹭】长野蜜境/新厅,2
42,622740568,C.ling,2
43,622610538,维秘🌈男神二厅,2
44,622169517,鬼酒大叔の  🌸代表黑暗消灭你,2
45,621776584,乱世佳人交友厅,2
46,621635054,9,2
47,620761389,【新鹭】最佳女友,2
48,62015188,𓃰～,2
49,619907539,TAXX.魔宗少女,2
50,619253964,Jacky,2
1,618232655,欢乐谷,2
2,618127943,.乐乐,2
3,617866135,浩之楠,2
4,617203894,•傻兜•,2
5,617026964,💖风青杨💖,2
6,616580827,星河（有被🤢到）,2
7,6164124,ML.小狐狸,2
8,615868936,,2
9,615740627,此号给爱萍了(勿扰）,2
10,614727258,黄小猪☂`,2
11,614274601,笑笑（退）有事V,2
12,614108612,猫田师羽,2
13,613615025,〔星诉〕Muse · 男友,2
14,612970543,永恒,2
15,612716870,🦚小酒馆儿💍一人飞老公🦚,2
16,612380870,凌枫,2
17,612297386,此号已给浮云（勿扰）,2
18,61144733,小思伴,2
19,60976393,『倾心女友』男女都招,2
20,60575038,木字下面四個點,2
21,60568174,ꪚ᥉.举例ﾉ☀,2
22,60546200,熠,2
23,60414317,倾听心动,2
24,602251752,澜ᶫᵒᵛᵉ璽 ₁₃₁₄♡‭,2
25,6019464,小河马,2
26,6014487,那年☞聘诉,2
27,601432825,喜欢,2
28,600291242,温暖的弦,2
29,60006257,🌫,2
30,598219501,歆,2
31,5956955,蜜糖女友(聘诉)🍓,2
32,59559767,迷鹿,2
33,594391815,迎风,2
34,594237455,🌈❤枫音,2
35,592293516,ღ靜💕ོꦿ🕊️,2
36,591322537,@long 先森🕴🎬,2
37,59082856,🦄️邪少/虔婆,2
38,59012992,性感的毛毛虫🐛,2
39,589677327,🎭迁就他小祖宗🐾,2
40,587203431,初见倾心,2
41,586772809,Tx.桃夭🍑/歌,2
42,5858213,大峰交友厅【可怜人】,2
43,584010789,♕谜儿ʚ🧸ྀིɞ,2
44,583738662,🦔ᵏ,2
45,581836257,94,2
46,580845952,再见,2
47,57858400,弟弟,2
48,577918753,迪宝 达达家场控,2
49,57791408,随缘号,2
50,575738144,齐天   🐟,2
1,57556300,𝓆𝓁🎐 S-9,2
2,57550301,我来你就笑,2
3,5754268,么么哒钱小呆🙈🙈,2
4,57426419,Nice全明星,2
5,57410566,乐幸,2
6,573304056,🌹小师妹💞爱查儿🎏,2
7,573075987,池鱼♡故渊,2
8,5723867,决战招挂靠日算,2
9,57222632,🌝,2
10,569403846,夏夕,2
11,56819213,月,2
12,56802086,给你一个眼神,2
13,56685158,小家诺(唯一an),2
14,56503340,🏅遍3念请驴与鱼鲤绿与鱼鲤红,2
15,564035371,"　、義",2
16,563988479,难哄,2
17,5636415,来呀来去呀去,2
18,562238631,悦悦呀,2
19,562112036,土狗,2
20,560119543,AG.漠離.御,2
21,556857429,এ.恋爱去了,2
22,55520751,RISE男友💫,2
23,55487148,‪‪,2
24,55358662,宝,2
25,551287534,✨苹果♡,2
26,55021394,浪,2
27,54798499,卸载,2
28,54778265,AYU.幸圉子-小升初,2
29,54635939,海绵🧽,2
30,542032614,曹宇,2
31,541392713,污鸡哥,2
32,5407762,雅俗共赏,2
33,540388261,空/青叔音,2
34,53898116,𝘯𝘦𝘬𝘰,2
35,53696275,🐰崽,2
36,53632785,青色,2
37,53350980,AG.绅士独白,2
38,53118814,哆啦A梦,2
39,53103085,【世界】All Star,2
40,53059225,🙄,2
41,528964337,夜浪清风,2
42,527610795,五香蛋（没票）,2
43,52679914,🦁拾叁づ,2
44,52559788,Jt.ᴍɪɢᴏᴏ,2
45,524402968,ꪚ᥉.晏南,2
46,523481950,🔱傲娇小兔纸🦞,2
47,5228457,江川,2
48,52254169,金牌富豪团🚀麥兜,2
49,52014733,绾甜,2
50,51835718,🧸🥕小ི🐰ྀི蜥🐰ིྀ蜴🥕🧸,2
1,51824087,🍭 .空空/歌,2
2,518154160,💀斷線傀儡💀,2
3,51799916,💭聘/诉,2
4,517434060,鱼王/招有趣的灵魂,2
5,51600726,Q,2
6,51515874,【新鹭】猫耳男友,2
7,514385067,wwwwwwwwwwwwwww,2
8,51382246,世纪女神 /聘,2
9,513285990,Liii💋,2
10,512904680,•林.♥️·ღ─摯ai 雪,2
11,51162312,TAXX.南岛情书,2
12,51153300,𝓖𝓓.情柯/厅宠/歌🌈,2
13,5110063,坏丫头,2
14,510059636,卟洅馥唔駆,2
15,5099750,霓虹旅店/招帅哥仙女,2
16,507380176,花非花，雾非雾,2
17,50667123,路易男神,2
18,50633254,呼呼睡☂`,2
19,505183824,Rs.F、聘/诉,2
20,50396375,小花˃̶͈🐽˂̶͈,2
21,503463407,｢星诉」卖花姑娘,2
22,502979780,🖤,2
23,50293493,我是蕉蕉蕉太狼，全球最爱大肥羊,2
24,500470842,এ᭄糖宝এ᭄,2
25,49884659,Ly.祁/Rap,2
26,4975799,牙牙乐💞,2
27,49618793,𝒥𝓀.药,2
28,49397763,bb,2
29,493476257,小诺🍼,2
30,49299772,五彩大拉皮儿.,2
31,491524890,ღ月月ོꦿ🕊️,2
32,49126553,陶陶虫,2
33,491265221, 敏敏,2
34,49124427,池鱼,2
35,49079104,归隐,2
36,490237303,B.故渊/Rap,2
37,4895379,退,2
38,488034597,【星诉】🌸情窦初开,2
39,487045357,ღ 浅笑安然,2
40,48625932,2.,2
41,4848741,万昌 牛肉干,2
42,48150062,吢傷ゐ誰,2
43,47993936,🕘艾无敌♊️,2
44,47962844,依依᭄ཽ࿆c n,2
45,478756426,TAXX.最佳男友,2
46,47861905,Nurse.阿妤S/歌,2
47,47834526,11 ৫ 🎗️,2
48,47805520,清秋,2
49,4770521,【新鹭】走心男友,2
50,476281851,🔱睡不醒（不玩了）,2
1,47543398,🌻,2
2,47494896,"　　　　　　　　　　　　　　",2
3,47439337,☁️不许抱😡揍你☁️,2
4,474386534,随性男友,2
5,474105931,惠      ^⛳⛳⛳^🙏🏻,2
6,4740786,刘先生,2
7,47330388,AG.晴空万里 新厅开业,2
8,47295189,可可爱爱没有脑袋,2
9,47238919,Ghost,2
10,47197890,演员,2
11,47195300,玖溪♚,2
12,4706152,《❤果果❤》小宝,2
13,466923528,秋风（退）,2
14,466791569,AG.顾里,2
15,46573286,诺诺,2
16,46521201,👼小可爱（二叔家）,2
17,46320387,【新鹭】新鹭男神,2
18,462683345,夏天,2
19,46251735,缘,2
20,45991137,鸽吻😘,2
21,45889219,梓渃🌈💎,2
22,45834084,☀️·果果,2
23,457282435,℃维他命♀,2
24,45725063,奥特小恐龙,2
25,457231307,Yº-小泽🧸,2
26,45372234,🚲,2
27,453226567,曉༒偉,2
28,451588983,ᴛᴀ. 猪崽,2
29,45013901,inke45013901,2
30,4470349,星诉💤契约女神,2
31,44559620,✨迷雾精灵/煮酒冠,2
32,445376169,🌹玉儿🌹,2
33,44521635,.,2
34,44405905,世界和平,2
35,44183431,念念……,2
36,440361091,°傻拾彡,2
37,43972607,❥ 小肉肉吖• 🎈,2
38,4395136,乔伊。,2
39,437855104,M吖',2
40,4375125,绝代佳人,2
41,4367130,（峰子）醉梦佳人,2
42,43602506,💕,2
43,43574301,【星诉】月色女友,2
44,434707602,傲骄男友 新厅开业全麦优质,2
45,432871401,✩ೄ染✩ೄ࿐✰,2
46,432846083,超级凶鸭,2
47,4316674,( ﹡ˆoˆ﹡ ),2
48,430268654,AG.富贵,2
49,428472265,墨景倾城染白衣,2
50,425651419,井,2
1,424161971,JC⚡︎,2
2,42194099,🌈.极光🧩歌,2
3,420973751,♡,2
4,41919219,苏七亿/聘诉＋,2
5,417019811,大峰,2
6,415502635,♐ 丫头💞,2
7,415308862,🌵,2
8,415231621,贰爷Dx～,2
9,413474125,🌞时哥🔥,2
10,4128985,睡过头,2
11,412680072,yq.安逸r*奶糖糖是真的香。,2
12,41187337,🧸ྀིʚ 十 三 ɞ ,2
13,407308237,Nx.青青,2
14,404519465,猫🍃小七,2
15,40422802,sr.幸,2
16,40380630,塞外散仙,2
17,403525539,空空的专属陪档,2
18,40288008,ʚ龙ʕ •ᴥ•ʔ猫ɞ,2
19,402803952,蓶﹄🌈摯薆,2
20,40196443,✨ོꦿ柚子এ᭄゛,2
21,39977143,🐇.  若心 ·,2
22,39967804,黑桃♠️皇后💋离殇（免扣不回）,2
23,39885327,雅界…～,2
24,39878783,এ᭄娜💋娜ꦿོﻬ,2
25,397146586,.,2
26,397053447,老公想你了,2
27,39632814,哒啵Q的空白😏,2
28,395453420,舒克的幻想,2
29,39459693,坤34暖吧,2
30,39317710,🍋,2
31,393064150,花里胡哨的火火,2
32,3925914,苏苏✨,2
33,38966143,壹画,2
34,38918339,ᴿ哎呦🍋,2
35,38818814,娱乐圈,2
36,38810283,芝爷,2
37,386992384,❁柔晴❁,2
38,38666940,塞外散仙！,2
39,385479909,🍀佛系大叔,2
40,385282561,镜初,2
41,380974048,醉夜星河 聘+v,2
42,38095478,【星夏】男友聚集地,2
43,37988955,Red wine Allen,2
44,378631128,TAXX.声诱女友,2
45,37756248,…………………………………………,2
46,37727801,风儿吹过✨,2
47,377192762,粥总,2
48,376962715,💫星语月✨,2
49,37661711,乔绵绵🧸,2
50,374640669,洋洋☞是老四,2
1,373396861,书,2
2,372663491,泽泽,2
3,372648631,️思密达,2
4,3723323,最强•辛夷🌟,2
5,370589410,雨萱,2
6,369665724,😪,2
7,369168459,雞爺🐇,2
8,368258827,无言的结局🎤,2
9,367158108,回忆,2
10,36610438,🍹.幻梦,2
11,36559992,钱多多,2
12,36453777,_ ♡芯児,2
13,36427404,沈瑶✨,2
14,363746559,桃倾（解约别抱）,2
15,36322037,❥一笙ﻬ,2
16,36304274,烟雨小苑,2
17,362852400,荣儿,2
18,36183446,🐳,2
19,361094819,正在删除,2
20,36036441,懂小姐💫,2
21,35970056,林一,2
22,35938214,龘龘,2
23,35708611,玖玖（楠哥小保姆）,2
24,356502527,AG.小寒,2
25,356174968,倪妮😏,2
26,355529,【千幕】云顶男神,2
27,35544341,Xsd.凌晨/🎤,2
28,354662790,Ls-Q,2
29,352483731,热.Re🖤聘诉,2
30,350687635,LonelyCc,2
31,349579469,小阿文,2
32,3481366,花开富贵交友厅,2
33,346463978,ʚ土爺ɞ࿚ᔉ楊🕊,2
34,34072545,S s s s s s s s,2
35,337950648,🌧️艳⚜️儿🌈,2
36,337510121,🏎贝🏎贝🏎,2
37,330175346,霸道六哥,2
38,3300305,【星夏】One.77男友,2
39,328363774,sunshine℃,2
40,327915644,米勒招厅聘人,2
41,324439151,Z小姐的遇见®️,2
42,321795716,🎶京爷🎶,2
43,319735677,上善🦋若水,2
44,31697778,安吉拉,2
45,316851266,闹心🐾,2
46,314382802,TAXX.Meet甜心俱乐部,2
47,314217070,渐离,2
48,31411953,S1t,2
49,311562592,☁,2
50,309019763,陳,2
1,306158689,32号娶你,2
2,305425813,瞬间的朦胧,2
3,305283401,与我无关（🔒💰）,2
4,304381681,🍓东哥🍀东嫂🍓,2
5,304103985,。,2
6,303730692,𝒬𝓁🍼兮韵,2
7,3017650,米勒收厅招人,2
8,301278637,.喵哥哥./退,2
9,298713605,小冉,2
10,295623125,不扰。,2
11,293609109,南潇馆💫新厅营业/聘！,2
12,29353581,二两月亮,2
13,293483803,念,2
14,2927639,⚜️封心💘绝爱⚜️,2
15,2917701,𝒬𝓁🍭点心,2
16,288067384,蜜桃女友新厅,2
17,286154866,AG.七夜,2
18,286013247,【甜蜜女友】聘,2
19,2854801,【世界】OT男神（小耳朵冠）,2
20,284797381,。,2
21,283524237,小李霸霸「张百万黑粉」,2
22,283265720,inke283265720,2
23,281962722,じ柒夏づ,2
24,281243070,纣王,2
25,280760460,🙏给悦悦下下雨,2
26,280660761,可,2
27,280586139,老猫,2
28,280255365,梨清🐳🐳,2
29,280119432,秋比奶🍼,2
30,2787602,♍ 肆公子 { 独关 },2
31,278351006,听风,2
32,273361021,茶茶❀（❤️起抠）,2
33,273165630,一杆枪,2
34,269710342,暖暖🌸【💌扣】,2
35,269700951,7.Vico,2
36,269335176,重庆肖肖,2
37,26802180,大白梨🍐,2
38,26752511,QL🍬江芯,2
39,267042055,🍼,2
40,266581537,🍶.暖,2
41,265082891,ლ寻幂و ̑̑༉,2
42,263903134,Pdan哥哥,2
43,261731939,🕊影子🕊,2
44,259047902,小王,2
45,254020268,🌾 缘👫聚 🎏,2
46,254006918,꯭☪꯭᭄ꦿ꯭晴꯭天꯭✨,2
47,251988727,清野,2
48,25183257,维秘🌈Leon/歌神,2
49,251703324,十,2
50,250779726,🍀އ꧁༺单身呵护༻꧂.....,2
1,250558946,🌾(脾气暴躁),2
2,247484631,希儿,2
3,246350339,追逐的梦,2
4,24477715,媚儿宝贝🎸,2
5,24451244,玖辞,2
6,2444313,KP🖤,2
7,244340937,邮见男神,2
8,243373595,伈,2
9,243169686,童鞋· 栀子花开,2
10,24224237,刘小胖,2
11,242081836,改名解毒,2
12,241596876,🍂秋北🍂,2
13,241536044,又又,2
14,24051832,Vos.奶Gai,2
15,240375022,Lr.颖儿,2
16,240289158,🌙,2
17,24003852,恸,2
18,239891087,✿✿,2
19,239341418,下线,2
20,237460530,￼,2
21,236762187,悦色女友/招仙女,2
22,234731989,.,2
23,234703885,ღ小幸运ོꦿ🕊️,2
24,234238195,樂,2
25,233482504,话题男友－新厅开业,2
26,232639074,💫軍🌠哥💫,2
27,232191846,晚风,2
28,231835419,小迷糊ლ,2
29,230524757,✎﹏ℳ๓₯㎕❦不弃う,2
30,230112608,🍼🍼🍼,2
31,2273830,老河神,2
32,227131916,晓青,2
33,226071471,🧕伶星🐑,2
34,225746035,End,2
35,223969,世纪互娱,2
36,223735620,KDA女团招女模,2
37,221979469,ღ I'm tired『勿 扰』,2
38,22067924,，。。。,2
39,220164135,沐风,2
40,219152639,✩⡱,2
41,217568910,宝哥,2
42,216338651,inks八岁,2
43,214696683,安栀/💌扣,2
44,213558187,🇨🇳-轩主哥-🇨🇳,2
45,213278466,惜音,2
46,213126874,🍒.江小白/歌/接s,2
47,21213804,❀,2
48,21205368,A.守约/猝死排,2
49,210232995,༒OLEVS【欧利时】༒,2
50,209086837,三三🎈,2
1,20854503,束手无策ʚ🙂ɞ,2
2,206459934,四嫂-招厅-招挂靠,2
3,205402793,Mr.小新💋,2
4,205071361,宝宝,2
5,203679674,泠葳,2
6,203097485,【HY】CITY.Moves,2
7,202162982,✨ོ卸ꦿএ载᭄,2
8,20145167,就这样吧。,2
9,199448111,🎶光～少,2
10,198773005,▄︻┻═┳一,2
11,19816079,ꪚ᥉. ᴘᴇᴀᴄʜ,2
12,197706539,♓Finallove熙辞,2
13,195006535,幻雪.🍶 ,2
14,194937631,涂涂,2
15,192834912,妹妹,2
16,192613269,এ独守一人心ོꦿ࿐,2
17,192143349,至尊宝吖,2
18,19183956,Lifn_,2
19,191683606,离傲尘,2
20,191562500,梦琪🦋(封票),2
21,19093279,♣黑馬☞驰骋万里✔,2
22,190724922,東子,2
23,189095422,好困,2
24,188783406,Waves星光男①厅/舒于远望,2
25,187906454,半醉半醒,2
26,186931629,球球,2
27,185570585,👑喜妹🎶,2
28,18525971,♥️-911,2
29,185090476,༺旧伤༻,2
30,184408623,🎶安然❤️🙏,2
31,184328111,金牌💋🍃️,2
32,183896658,【Max】澜桂坊,2
33,183451793,No waves,2
34,183198867,无关风月,2
35,182794470,你不值得我通宵.,2
36,182226138,老※的心声,2
37,182003830,এ 远方 ॢꦿﻬଓ,2
38,181664232,北陌ꦿོ゜এ,2
39,181440198,今生陪伴,2
40,181313087,大嘴,2
41,1805881662,【千幕】寄托男友,2
42,1805394727,ꪚ᥉.美女,2
43,1805346562,【星诉】极光之恋/高聘,2
44,1805335827,【晚佳】全能女友,2
45,1805299664,【星诉】妙妙屋,2
46,18048468,理想国,2
47,1804108008,候卿,2
48,1803950112,必过,2
49,1803891427,蜜诱娇妻,2
50,1803783973,1,2
1,1803754146,奇迹✨娱乐,2
2,1803561096,星座恋人✡️,2
3,1803295162,小可爱,2
4,1803268618,𝕔𝕣.裸控,2
5,1803171011,枕欲男友,2
6,1803121915,玄子,2
7,1803097266,【星诉】青丘,2
8,1802889855,夜撩女友,2
9,1802861429,童年,2
10,1802545859,九一五五,2
11,1802491986,醉欲&女友,2
12,1802457333,。,2
13,1802445634,局外人i,2
14,1802255209,遇见相遇,2
15,1801997299,只爱小绵羊,2
16,1801781635,【星诉】Remix男友,2
17,1801730537,素素,2
18,1801601965,妮儿,2
19,1801557593,【北野】极欲六厅🦢,2
20,1801550498,山--色,2
21,1801474104,奈文摩尔,2
22,180122682,🎀途✨独爱柒柒🍒🍼,2
23,180106606,🚬人狠話不多😎社會你朱哥🔫,2
24,1801006870,红袖添香,2
25,1800936077,慕色天使/应聘看个人简介,2
26,1800771066,慕色🦁就是玩,2
27,1800763364,团团 （碎）,2
28,1800630786,嘟嘟哒哒,2
29,1800624392,随性,2
30,1800460929,【世界】窈窕淑女,2
31,1800420145,白爸爸收砖头,2
32,1800138598,木木,2
33,179732539,🌸,2
34,17905054,【星诉】在逃公主,2
35,179025926,等我🍓唯一的爱,2
36,178769553,晴云,2
37,177338071,🥂,2
38,17592481,✨X.Lucky,2
39,17532374,✨星辰女友.聘,2
40,175243012,ঞ 洛溪 এ 🐯,2
41,174377944,绝版货@の非卖品,2
42,17398807,【星诉】暴躁萝莉,2
43,173377638,寻觅空间,2
44,173244328,🍷富贵.,2
45,171698429,【星诉月倾】新月阁,2
46,17159252,Oʀ,2
47,171407058,🍬米粒/卑微蹭票,2
48,171098395,荣白,2
49,17081315,天空羽毛,2
50,170719806,西瓜君🍉,2
1,170707567,A.渣滓,2
2,17024349,TAXX.绝代佳人,2
3,170033006,ᴛᴀ. 三稚/歌,2
4,16959535,累了，毁灭吧,2
5,169075408,小颜,2
6,168125971,一叶知秋🍂,2
7,167559728,‮ ‭ 半糖‮ ‮ ‮ɞOvOʚ‭,2
8,166263456,僵小鱼🐠,2
9,166123274,思念,2
10,165493707,MI.团团🐳🌸欧气满满🌸,2
11,165317152,零度.,2
12,164851821,凌寒♡,2
13,163986213,日晚,2
14,163973978,初欲.女友,2
15,163661902,捌玥,2
16,16296879,🐻JJ👼（梨涡曼徒弟）,2
17,16139180,女友👗养成记,2
18,16076579,萌（冷冷的小狐狸）头本,2
19,160025142,一叶知秋゛诉/聘,2
20,159394339,长乐,2
21,158604186,008,2
22,158328055,没人要,2
23,15729328,退,2
24,157272745,清一(乱了四季),2
25,157065886,君初九,2
26,156731011,啵唧,2
27,155859807,✨飛🎉龍✨,2
28,155108085,六玥儿👸,2
29,1549203,最强-傻白桃🍑,2
30,154721153,🌻小花葵,2
31,154636287,💋锋💋,2
32,154633593,〽️李大大〽️,2
33,15452581,Nous.青一,2
34,15418201,ヾ(✿韵儿,2
35,153367539,狗蛋,2
36,153119300,太阳,2
37,152464308,长安,2
38,151657411,🧸圈圈🧸1,2
39,150806066,我在凌晨等太阳,2
40,150658460,银河之恋交友娱乐,2
41,150159119,K7.小北,2
42,146363973,HY.💤💤,2
43,146119908,我是精神病,2
44,146054809,🌸姗姗🌸,2
45,145600571,灬,2
46,145220485,TAXX.猫系女友,2
47,144790189,.,2
48,144745797,裙杀,2
49,144632622,Yn.幼辞🍃,2
50,144358347,大蘑菇 🍄,2
1,144233000,魔法少女🍓喜欢就冠,2
2,143962268,X.落差,2
3,143760396,🈳,2
4,143708078,迎宾助理.wy,2
5,143583523,肉饱儿,2
6,143512106,☆萧&寒☆/挂机,2
7,143083619,戒指💍🐾🐾,2
8,14302724,白糖,2
9,142434755,汤神永远的团🍡,2
10,142256330,茶茶🎀,2
11,14185573,嗨NM个 🥚(忙),2
12,141720603,小朋友呀,2
13,14169159,✘.三岁/0.5,2
14,141631289,火锅,2
15,140982273,南南,2
16,140661542,sg.哈哈要上天🌸歌,2
17,140582978,从前有位小妖精🧚‍♂️,2
18,140347918,💋轩宝吖💋,2
19,139862569,MI.lonely,2
20,139819971,嘦您👩‍❤️‍👨,2
21,139370118,美清,2
22,139159798,好吃,2
23,13810826,大宝/睡,2
24,137756112,唯一💓琴宝吖,2
25,136872440,御风,2
26,136476860,喜多余,2
27,135770365,然baby🎐,2
28,13573889,哆哆,2
29,135272600,【星诉】执欲cure/挂靠/聘,2
30,135090990,❅舞忆ꦿ༊゜,2
31,134868869,臭宝✨刚好遇见你✨,2
32,134332911,獨愛情儿,2
33,134282841,.♝,2
34,134265541,嘿！你的益达,2
35,134212517,👑妳的帥帥🎗️1314回榜,2
36,134212,虹桥一哥,2
37,134155115,欣儿💕夜听,2
38,133181067,Az.尤🍼/割手,2
39,132479435,男模别扣,2
40,132265821,拽拽小师妹,2
41,130942737,糊糊,2
42,130900830,🐬,2
43,13046034,长安✨,2
44,130410235,司卿,2
45,130170197,𝓢𝓨.啾咪🍧讲故事,2
46,12998644,时光女神,2
47,129537297,丑男,2
48,129482984,张星星🌿,2
49,12934669,🍓.诱拐猫扑/勿抱,2
50,128882236,火灵鸟🌸,2
1,128613889,十七,2
2,128523968,清莹田寶贝♡😝♡偉爸比专属,2
3,128414583,💋懂💖妳💋 悟💖 妳💖,2
4,128176937,媳妇得瑟没了（勿扰）,2
5,12675681,南安,2
6,125985311,。。。,2
7,125908415,AG.梦鹿宝贝,2
8,12588901,21克拉,2
9,124647249,小鱼崽崽快下来,2
10,124581119,周主任～,2
11,123751302,瓜瓜姐姐,2
12,12300140,占 欲,2
13,122340293,🎶WEI❤️🙏,2
14,121870229,十月爱豆浆😌,2
15,12085591,欧德北北,2
16,120530245,ꦿ小琴琴🐠🐠🐠ཽ࿆,2
17,11972885,🌈【国民校草】你的佑佑封票☀️,2
18,119201513,🧚‍♀️,2
19,119192742,兜兜/有糖,2
20,11892477,RISE女友💫,2
21,118815046,小诗,2
22,118396873,M T J,2
23,118066324,【世界】TimeBoys,2
24,117707099,Xsd.迷人Rap🈹️⚡️,2
25,117689677,世界⚡️少年,2
26,117477217,🍑桃可可,2
27,117443233,𝒬𝓁🍼晚睡,2
28,117390850,冰皇,2
29,11731074,.,2
30,117156462,小猪妖,2
31,116674944,退了，886😂,2
32,116462808,💋萌妹💢🍃,2
33,115512911,༄🐉🌈帝꧔ꦿ君🐮࿐,2
34,115275527,终 ⃢👁  👅 👁⃢点🤔,2
35,11515630,baby,2
36,115062386,君慕,2
37,114907878,🌊 一只鱼,2
38,114873405,【新鹭】yu火小妖,2
39,114530514,🎶🎤🎤南哥🎶🎤🎤,2
40,11433732,捕捉小可爱,2
41,11303024,【SR】撕蜜女神,2
42,11260412,💫雾里看花💫,2
43,112562370,金万万,2
44,111391959,🎭迁就你一生🐾,2
45,110676977,南城𓍯,2
46,110651532,💋梦💋,2
47,110490433,金屋藏娇,2
48,110211370,Js.汐汐℘ℳ゛🍑男人都是🐷,2
49,10989441,小诺诺,2
50,109590765,🎶　　　　太帅没人要🎶,2
1,10947849,🧊冰镇西瓜🍉,2
2,10893242,🤹‍♀️霸天🤹‍♀️交友厅,2
3,10869017,两岁困了,2
4,108572949,濁賢,2
5,108120298,焦糖魔仙堡,2
6,10801945,小y困困睡不醒,2
7,10783998,🌌Aurora,2
8,107658933,xh.，，,2
9,10750989,老六,2
10,107371284,梦中情人,2
11,107363399,浅深,2
12,107341221,鹿大王,2
13,107144732,只星.,2
14,106584551,『星诉』星眸女友,2
15,106473911,-冷萱🖤,2
16,106250261,🍓知足常乐,2
17,105588351,嘿,2
18,105513392,助理李辉,2
19,105322279,👻幽灵👻,2
20,10453396,迦南交友厅 宝华-,2
21,104490677,👧虎妹🎙️,2
22,104363372,🐭精灵鼠🐭,2
23,10425499,😒,2
24,103284479,晚  秋,2
25,103117049,动感大馒头,2
26,102848197,🎗 .晚,2
27,102667896,🍀奔驰的小野马,2
28,10252008,夜深人不静,2
29,102455595,TAXX.仙姿欲色,2
30,102251408,世 人 皆 醒 我 独 醉,2
31,10216547,終是遺憾,2
32,101882983,🍓爱你的人,2
33,101636526,你的楠宝❤,2
34,101316992,"毒药,",2
35,101290628,什么鬼,2
36,10061808,𝓢𝓺山前/歌 少女,2
37,100609422,雨田是妖,2
38,10059327,浪迹℡,2
