序号,uid,昵称,加入时间,类型
num,uid,nick,score,type
1,753919531,桃花下浅酌,2021-06-21 18:45:25,1
2,754043790,CD,2021-06-21 18:45:17,1
3,98342030,西红柿炒番茄🍅,2021-06-21 18:45:08,1
4,754268604,YJ,2021-06-21 18:45:00,1
5,753929506,星熠熠,2021-06-17 20:01:23,1
6,753382162,苏杭,2021-06-17 20:01:15,1
7,754476015,壁虎,2021-06-17 20:01:07,1
8,754024152,哈尼,2021-06-17 20:01:00,1
9,754025773,黑白灰,2021-06-17 20:00:51,1
10,753992426,李🚨,2021-06-17 20:00:42,1
11,136252903,沈二炮,2021-06-16 18:28:48,1
12,753967111,炮仗,2021-06-15 18:55:06,1
13,754140049,一只鱼,2021-06-15 18:54:25,1
14,753929078,武大郎,2021-06-15 13:14:15,1
15,754035466,土肥圆,2021-06-15 13:14:07,1
16,753349224,小兔叽🐰,2021-05-27 20:11:16,1
17,24033087,🌞(别瞅了，不消费),2021-05-27 18:51:39,1
18,702030534,魂牵梦绕,2021-05-27 18:51:25,1
19,29646891,大狗,2021-05-27 16:41:57,1
20,11824207,天使毅,2021-05-27 15:45:46,1
21,36499474,树儿吖🍃,2021-05-27 10:32:25,1
22,47386515,ོ⚘琳ོ⚘ོ,2021-05-27 10:32:22,1
23,7493787,彤彤彤彤彤❥꒪ั,2021-05-26 17:05:27,1
24,81783781,林。,2021-05-25 15:08:54,1
25,716483199,C•位🍟,2021-05-25 15:08:50,1
26,7759347,667,2021-05-25 15:08:45,1
27,59007476,Seven,2021-05-25 15:08:39,1
28,142256330,茶茶🎀,2021-05-24 18:05:31,1
29,160025142,一叶知秋゛诉/聘,2021-05-24 16:35:25,1
30,109063072,花里胡哨的裤头,2021-05-24 16:35:18,1
31,753220416,🐱張初九的蒙渣渣🐱,2021-05-24 15:49:24,1
32,167654541,宝,2021-05-21 18:14:36,1
33,46917669,开心,2021-05-21 18:14:32,1
34,735534611,匆匆过客,2021-05-20 17:29:14,1
35,738366859,🐷钱两岁是他的宝🐷,2021-05-20 17:28:37,1
36,135953223,下次见 未来见 也…别见,2021-05-19 16:59:56,1
37,51528119,歪着,2021-05-19 16:59:48,1
38,753441021,Bill,2021-05-19 10:49:37,1
39,740573775,拆迁款下来了，去PK,2021-05-19 10:49:32,1
40,753918654,有冠希、😂没关系📷（封票）,2021-05-19 10:49:28,1
41,754257035,30岁退休,2021-05-19 10:49:24,1
42,747714867,社会你蛙哥,2021-05-19 10:49:19,1
43,752061010,copy that,2021-05-18 15:53:02,1
44,725182592,臭屁屁,2021-05-18 15:52:51,1
45,754299185,justin,2021-05-18 15:52:29,1
46,2518561,Mamba（封）,2021-05-18 15:52:13,1
47,731902508,独角戏,2021-05-18 14:02:49,1
48,749271096,小星星,2021-05-18 14:02:45,1
49,707280015,墨,2021-05-18 14:02:40,1
50,753971157,粉刷酱,2021-05-18 14:02:34,1
1,2833401,晴天,2021-05-18 14:02:30,1
2,748314443,就是玩,2021-05-18 14:02:26,1
3,108567755,一枚旺仔,2021-05-18 14:02:21,1
4,753909755,大佬,2021-05-18 14:02:16,1
5,67483258,seed,2021-05-18 14:02:10,1
6,11373063,小屁孩儿,2021-05-18 14:02:06,1
7,753911979,美好年代,2021-05-18 14:01:58,1
8,713430290,Scar,2021-05-17 15:07:48,1
9,742125843,贩卖黄昏🌆（情书💌扣我）,2021-05-17 14:58:16,1
10,173261954,女人只会阻挡我进步🏀🏀,2021-05-17 14:58:09,1
11,150094402,养乐多,2021-05-17 14:57:49,1
12,95903545,招财童子,2021-05-17 14:57:42,1
13,754032748,野生的幸运,2021-04-20 18:51:37,1
14,754028801,长坂坡,2021-04-20 18:51:37,1
15,754026125,阿贵,2021-04-20 18:51:37,1
16,754024820,执笔记天,2021-04-20 18:51:37,1
17,754023757,林冲,2021-04-20 18:51:37,1
18,753991425,陈可爱,2021-04-20 18:51:37,1
